owner,repo,stars,forks,issue_closed_rate,issue_time_to_close,issue_time_to_response,issue_monthly,issue_participants,labeled_issues,pulls_closed_rate,pulls_time_to_close,pulls_time_to_response,pulls_monthly,pulls_participants,pulls_merged_rate,issues_average_comments,pulls_average_comments,code_review_score,maintained_score
chalk,supports-color,333.0,89.0,1.0,130.0,10.3,1.4,60,11,1.0,38.1,10.2,1.6,46,0.6,4.6,3.9,4,3
npm,node-semver,4890.0,456.0,0.9,177.3,73.8,2.6,310,87,1.0,124.1,19.7,3.0,129,0.4,3.2,2.6,10,10
chalk,chalk,21214.0,833.0,1.0,50.7,4.5,3.2,348,85,1.0,21.6,3.7,2.3,113,0.6,4.3,3.8,4,2
debug-js,debug,10945.0,892.0,0.7,75.6,41.6,5.3,574,161,0.9,101.1,34.0,3.0,254,0.5,3.3,3.7,3,4
microsoft,tslib,1203.0,130.0,0.7,221.5,51.3,1.7,168,16,0.9,66.3,37.1,2.4,81,0.7,4.1,2.2,7,0
vercel,ms,4897.0,290.0,0.8,418.1,281.1,1.4,99,9,0.9,158.8,143.8,2.0,69,0.5,2.5,1.8,6,0
mozilla,source-map,3458.0,374.0,0.8,380.2,111.2,2.1,255,31,0.9,40.3,4.6,3.0,109,0.8,3.7,2.6,10,0
isaacs,node-lru-cache,5045.0,371.0,1.0,318.5,139.2,2.4,178,7,1.0,206.5,40.6,1.8,60,0.2,3.1,1.7,0,5
chalk,strip-ansi,380.0,39.0,1.0,5.4,0.2,1.2,16,2,1.0,11.0,1.1,1.5,13,0.3,2.1,1.3,2,0
nodejs,readable-stream,1010.0,240.0,1.0,229.6,16.8,2.8,255,16,1.0,49.1,13.6,2.5,119,0.6,6.1,4.8,5,6
tj,commander.js,25860.0,1776.0,0.5,34.3,3.3,8.8,331,98,0.5,6.9,9.4,10.9,59,0.7,2.0,1.0,9,10
isaacs,minimatch,3171.0,239.0,1.0,566.7,224.5,1.7,134,1,0.9,299.9,39.1,1.4,37,0.1,3.0,1.7,0,0
isaacs,node-glob,8274.0,530.0,1.0,469.3,177.4,2.9,451,3,1.0,425.2,244.0,2.0,109,0.2,3.7,2.5,0,3
sindresorhus,find-up,565.0,49.0,0.9,67.8,1.8,1.2,32,6,1.0,24.8,2.5,1.4,12,0.7,3.4,4.2,3,0
sindresorhus,escape-string-regexp,569.0,56.0,1.0,48.5,10.6,1.3,34,2,1.0,7.2,2.1,1.3,7,0.4,3.3,1.6,1,0
feross,safe-buffer,339.0,42.0,0.7,29.9,52.3,1.1,20,2,0.9,29.1,37.0,1.5,10,0.7,3.3,1.7,1,0
uuidjs,uuid,14071.0,871.0,1.0,97.6,17.1,3.0,466,61,1.0,51.5,10.8,3.3,147,0.6,4.9,2.7,8,4
ajv-validator,ajv,13182.0,852.0,0.2,25.4,17.6,14.3,403,468,0.6,25.0,26.7,9.1,97,0.6,0.9,0.8,3,10
yargs,yargs-parser,480.0,135.0,0.7,190.6,151.2,2.1,101,78,1.0,24.6,23.5,4.1,68,0.8,2.4,1.5,5,1
acornjs,acorn,10064.0,832.0,0.6,72.4,7.7,5.7,266,23,1.0,19.7,4.3,3.8,132,0.4,1.8,3.0,0,10
yargs,yargs,10859.0,1054.0,0.3,142.9,57.1,9.1,361,365,0.4,19.3,12.4,8.8,139,0.8,1.3,0.8,8,10
jprichardson,node-fs-extra,9300.0,821.0,0.8,89.2,9.3,5.2,445,228,1.0,41.8,2.2,3.7,109,0.7,3.3,3.3,5,7
isaacs,rimraf,5431.0,322.0,1.0,456.3,207.9,2.1,267,0,1.0,317.4,108.3,1.6,68,0.1,3.2,2.3,0,2
estools,estraverse,917.0,137.0,0.6,100.1,71.4,1.3,53,7,0.8,67.0,43.3,1.4,34,0.8,2.1,2.3,5,0
sindresorhus,camelcase,658.0,100.0,1.0,50.3,8.5,1.4,39,13,1.0,20.8,4.3,1.5,29,0.5,2.4,1.8,4,0
sindresorhus,path-exists,149.0,22.0,1.0,61.5,61.4,1.0,6,0,1.0,0.7,0.9,1.1,8,0.7,2.2,1.9,2,0
isaacs,inherits,351.0,86.0,0.7,726.4,81.1,1.0,17,0,1.0,418.2,336.1,1.3,6,0.1,2.9,0.8,1,0
npm,node-which,311.0,47.0,0.9,265.7,120.6,1.3,40,7,1.0,131.7,39.4,1.9,19,0.4,2.7,1.2,10,3
sindresorhus,resolve-from,136.0,18.0,0.8,8.1,0.5,1.1,10,2,1.0,7.9,0.1,1.6,3,0.9,2.2,0.8,2,0
jonschlinkert,extend-shallow,32.0,12.0,0.7,0.5,0.2,1.2,5,0,0.7,0.6,0.0,1.0,2,1.0,2.4,1.7,0,0
json5,json5,6212.0,226.0,0.9,202.0,33.4,2.1,148,136,0.9,140.6,76.6,2.1,53,0.6,4.7,2.4,2,1
isaacs,node-mkdirp,173.0,42.0,1.0,43.0,8.7,2.3,43,0,1.0,148.0,6.2,1.7,9,0.2,2.8,1.8,0,0
sindresorhus,execa,6236.0,221.0,1.0,132.4,21.7,4.1,227,80,1.0,11.5,5.1,7.2,62,0.9,3.9,1.7,10,10
ljharb,qs,8241.0,708.0,0.8,64.6,9.0,3.1,384,257,0.9,41.9,15.6,2.3,108,0.7,4.9,3.1,2,10
nodeca,js-yaml,6129.0,836.0,0.9,126.0,42.2,3.8,382,79,0.9,47.6,41.5,1.9,106,0.5,3.1,3.6,1,1
browserify,resolve,765.0,247.0,1.0,233.2,41.7,1.8,177,0,1.0,156.8,53.6,1.8,94,0.4,5.3,3.0,0,4
websockets,ws,20800.0,2280.0,0.3,2.2,1.4,8.3,434,14,0.7,13.2,6.3,5.4,172,0.7,1.6,1.8,0,10
nodeca,argparse,479.0,75.0,1.0,643.8,372.0,1.8,55,0,1.0,55.7,6.6,2.1,31,0.6,2.8,2.0,2,0
sindresorhus,pify,1495.0,85.0,1.0,187.5,55.1,1.6,42,8,1.0,101.8,18.6,1.5,28,0.4,3.2,5.2,3,0
postcss,postcss,28084.0,1536.0,0.5,20.6,4.2,6.2,401,59,0.6,6.4,0.9,5.3,170,0.8,2.2,1.3,3,10
form-data,form-data,2242.0,297.0,0.6,95.3,59.3,2.4,336,25,0.9,51.1,2.0,3.5,98,0.4,3.4,2.7,8,0
moxystudio,node-cross-spawn,1073.0,77.0,0.8,36.2,26.1,1.5,59,7,1.0,37.9,3.9,1.8,35,0.3,3.3,2.5,2,0
sindresorhus,slash,323.0,62.0,1.0,0.7,0.2,1.1,5,0,1.0,73.8,0.9,1.1,7,0.5,1.6,1.7,2,0
ashtuchkin,iconv-lite,2994.0,281.0,0.7,57.6,53.7,2.2,206,12,0.8,43.4,37.5,1.7,54,0.6,3.8,2.6,1,0
micromatch,micromatch,2581.0,158.0,0.8,60.4,18.6,2.3,133,27,0.9,98.3,32.1,1.6,23,0.7,6.4,3.3,3,1
sindresorhus,make-dir,472.0,38.0,0.9,14.0,0.7,1.4,14,6,1.0,29.7,0.1,2.0,12,0.8,2.0,2.3,4,0
sindresorhus,globby,2444.0,151.0,0.7,72.9,37.0,1.9,147,28,1.0,33.9,8.0,2.4,54,0.7,3.6,2.8,4,5
broofa,mime,2068.0,359.0,1.0,136.3,39.5,1.7,126,15,1.0,125.8,72.8,1.7,77,0.5,2.7,1.8,0,10
minimistjs,minimist,440.0,30.0,0.7,20.2,0.1,2.6,23,9,0.8,16.7,7.0,2.0,5,0.7,5.2,2.6,3,6
feross,buffer,1712.0,244.0,0.8,60.9,39.4,2.1,143,50,1.0,74.4,44.0,2.4,90,0.7,3.3,2.7,5,8
jprichardson,node-jsonfile,1196.0,294.0,1.0,65.0,18.5,1.8,83,21,1.0,111.6,14.9,1.5,35,0.6,3.0,2.7,3,0
visionmedia,bytes.js,448.0,57.0,0.9,245.2,106.8,1.3,23,15,0.9,130.8,95.1,1.2,18,0.3,3.0,2.4,0,0
jshttp,http-errors,1458.0,117.0,0.8,202.8,13.4,1.3,42,26,0.9,57.1,40.8,1.5,23,0.3,4.3,3.3,0,0
isaacs,node-graceful-fs,1254.0,147.0,0.9,200.3,80.0,1.8,234,0,0.8,107.2,98.3,1.7,73,0.2,3.5,2.1,0,0
webpack,loader-utils,764.0,155.0,0.9,287.4,72.5,1.8,120,8,1.0,85.2,25.1,2.4,61,0.6,3.9,1.9,1,4
caolan,async,28039.0,2423.0,0.4,41.2,8.2,6.0,379,321,0.6,21.5,12.4,5.9,126,0.7,1.4,1.3,2,10
thlorenz,convert-source-map,166.0,62.0,0.9,461.2,259.5,1.2,27,1,1.0,166.7,57.9,1.6,31,0.4,4.0,5.6,3,0
cosmiconfig,cosmiconfig,3780.0,133.0,1.0,112.3,18.4,2.6,138,18,1.0,44.4,7.3,3.2,62,0.7,4.7,3.9,0,6
dougwilson,nodejs-depd,322.0,87.0,0.9,81.4,6.3,1.3,29,26,0.4,97.5,70.4,1.1,9,0.0,6.4,4.4,0,0
facebook,regenerator,3796.0,1198.0,0.8,91.2,46.0,3.1,181,73,1.0,46.2,19.2,4.8,97,0.5,2.8,1.4,2,10
sindresorhus,strip-json-comments,589.0,55.0,1.0,174.3,88.9,1.3,20,8,1.0,20.9,6.4,1.3,14,0.6,1.8,2.1,3,0
jonschlinkert,isobject,103.0,19.0,0.7,27.7,40.5,1.2,9,0,0.9,77.5,38.8,1.1,12,0.6,1.4,2.4,2,0
jshttp,mime-types,1255.0,121.0,0.8,104.2,12.9,1.3,36,23,0.8,203.7,29.2,1.3,30,0.1,4.2,4.9,0,2
node-fetch,node-fetch,8594.0,1074.0,0.4,62.3,23.8,9.3,600,378,0.7,41.1,27.8,8.3,191,0.5,2.4,2.0,10,3
pillarjs,path-to-regexp,7870.0,364.0,0.9,83.7,14.2,2.2,166,84,0.9,53.1,2.7,1.6,52,0.7,4.6,4.2,3,1
jshttp,cookie,1249.0,150.0,1.0,29.0,7.7,1.5,73,56,0.9,131.7,35.2,1.5,56,0.2,3.8,3.4,1,0
evanw,node-source-map-support,2135.0,255.0,0.5,157.9,83.0,2.0,227,6,0.7,74.7,34.6,2.1,92,0.7,3.2,2.4,2,0
paulmillr,chokidar,10446.0,561.0,0.4,106.0,39.8,5.7,525,112,1.0,38.0,5.8,3.3,139,0.6,1.6,3.0,6,10
tooTallNate,proxy-agents,793.0,216.0,0.9,494.7,189.4,2.2,197,7,1.0,134.5,69.9,3.2,81,0.6,2.8,2.5,,
isaacs,once,220.0,29.0,0.7,0.3,0.3,1.0,2,0,1.0,72.3,34.7,1.3,7,0.2,0.7,1.2,1,0
browserslist,browserslist,12582.0,679.0,0.9,35.5,4.2,4.8,509,15,1.0,5.5,0.9,3.0,114,0.8,5.3,2.9,2,10
mrmlnc,fast-glob,2331.0,104.0,0.9,125.6,65.5,3.1,138,183,1.0,23.3,17.5,4.1,31,0.9,2.6,0.7,0,2
sindresorhus,path-is-absolute,42.0,11.0,1.0,0.8,0.0,1.0,2,0,1.0,0.3,0.3,1.0,3,0.3,3.0,1.7,0,0
sindresorhus,ansi-escapes,462.0,54.0,0.6,48.2,1.5,1.1,13,3,1.0,11.3,4.4,1.3,10,0.9,3.1,1.6,4,0
jquery,esprima,6931.0,804.0,0.6,45.4,29.1,6.2,172,121,0.6,15.8,4.3,7.1,84,0.1,1.6,1.9,3,0
npm,ini,749.0,234.0,0.8,761.8,453.6,1.5,66,3,1.0,422.4,303.9,2.3,42,0.4,1.7,1.2,9,6
salesforce,tough-cookie,879.0,162.0,0.9,312.2,106.9,1.7,171,14,1.0,61.3,28.2,2.6,64,0.6,3.4,2.0,10,10
jonschlinkert,is-plain-object,150.0,28.0,0.7,94.0,4.5,1.2,10,0,0.8,162.8,104.8,1.3,12,0.7,5.1,1.6,1,0
alexei,sprintf.js,2077.0,301.0,0.6,147.4,81.6,1.8,84,25,0.8,67.5,74.8,2.2,37,0.7,2.2,1.6,3,0
mafintosh,pump,901.0,63.0,0.7,149.3,5.2,1.3,41,0,0.7,168.7,66.5,1.5,15,0.3,2.8,3.8,1,0
stream-utils,raw-body,371.0,67.0,1.0,82.0,9.2,1.6,26,19,1.0,175.2,22.8,1.4,24,0.2,5.7,3.7,0,0
sindresorhus,is-wsl,182.0,8.0,1.0,0.2,0.3,1.0,2,0,1.0,4.7,0.0,1.4,2,0.9,0.5,0.4,2,0
yahoo,serialize-javascript,2767.0,244.0,0.5,117.3,26.2,1.3,61,0,0.9,57.8,14.8,1.9,38,0.9,2.4,1.3,6,5
sindresorhus,read-pkg,164.0,24.0,1.0,8.6,5.1,1.1,8,0,1.0,18.4,1.4,1.2,6,0.5,1.3,2.1,2,0
indutny,bn.js,1159.0,207.0,0.7,74.1,24.4,2.0,82,32,0.9,69.8,41.5,2.7,43,0.3,4.1,4.0,2,1
inikulin,parse5,3517.0,228.0,0.9,90.7,28.7,3.2,165,157,0.6,3.0,5.6,25.0,7,0.9,3.8,0.2,10,10
zloirock,core-js,23582.0,1600.0,0.5,36.0,11.0,8.6,602,305,1.0,28.4,11.3,3.7,153,0.7,3.0,2.1,0,10
follow-redirects,follow-redirects,513.0,144.0,0.9,67.6,15.4,1.9,126,70,1.0,14.6,4.8,1.6,35,0.5,3.5,2.8,2,10
sindresorhus,object-assign,920.0,82.0,,,,,0,0,1.0,1.8,0.8,1.4,16,0.5,N/A,1.8,2,0
eemeli,yaml,1086.0,102.0,0.9,30.5,5.3,4.5,212,187,1.0,10.0,11.6,2.8,37,0.9,3.2,1.3,1,9
kpdecker,jsdiff,7431.0,479.0,0.9,821.9,395.5,2.5,208,70,1.0,125.2,120.6,2.7,49,0.7,2.4,1.2,0,10
beatgammit,base64-js,840.0,400.0,0.8,54.4,52.1,1.2,40,0,0.8,53.3,65.4,1.5,19,0.7,2.4,2.3,1,0
expressjs,body-parser,5368.0,710.0,1.0,32.8,16.4,3.3,317,254,0.9,37.0,12.8,1.6,78,0.1,4.4,4.4,0,2
raszi,node-tmp,731.0,96.0,1.0,187.3,40.8,2.2,117,80,1.0,53.6,23.0,1.9,38,0.8,3.8,3.2,1,0
motdotla,dotenv,18263.0,823.0,1.0,83.1,27.9,4.0,652,7,1.0,42.8,25.5,3.1,163,0.5,3.5,2.9,0,10
sindresorhus,open,3060.0,204.0,0.8,113.7,22.1,2.4,251,15,1.0,32.3,12.2,1.9,61,0.6,2.8,2.3,3,7
sindresorhus,read-pkg-up,254.0,24.0,1.0,76.5,50.8,1.2,9,0,1.0,14.4,0.2,1.2,5,0.6,2.2,1.2,1,0
ljharb,object.assign,106.0,22.0,1.0,21.7,0.3,1.3,14,20,1.0,20.1,1.4,1.4,12,0.5,4.2,2.2,0,5
browserify,node-util,239.0,83.0,0.7,211.0,47.8,1.2,59,2,0.8,112.8,67.2,1.4,39,0.6,3.2,4.2,3,0
pillarjs,finalhandler,212.0,52.0,0.8,34.0,13.9,1.1,19,15,0.9,60.4,0.1,1.2,15,0.1,9.6,3.2,0,0
Gozala,events,1352.0,177.0,0.9,204.6,35.3,1.3,41,3,0.9,115.8,87.8,1.5,32,0.5,2.5,1.6,0,0
sindresorhus,figures,578.0,23.0,1.0,31.1,2.2,1.9,16,10,1.0,2.4,1.3,3.1,13,0.9,3.3,1.4,7,0
sindresorhus,decamelize,234.0,27.0,0.9,75.7,17.2,1.2,16,4,1.0,9.4,1.0,1.4,7,0.8,2.1,1.1,3,0
TehShrike,deepmerge,2699.0,215.0,0.7,81.7,18.6,1.8,158,15,0.9,83.9,49.0,2.0,60,0.6,5.3,2.4,2,0
ai,nanoid,22775.0,754.0,1.0,26.3,1.3,3.3,248,0,1.0,2.2,0.2,3.2,72,0.8,5.5,1.9,1,10
isaacs,sax-js,1071.0,332.0,0.5,111.9,92.1,2.0,117,0,0.7,281.7,123.5,1.6,58,0.1,2.1,1.6,1,0
doowb,ansi-colors,419.0,33.0,0.7,23.3,9.9,1.5,21,1,0.8,20.7,21.3,1.2,10,0.8,2.1,2.4,1,0
prettier,prettier,47862.0,4067.0,0.0,12.7,6.3,45.5,396,390,0.4,3.7,1.5,71.4,73,0.9,0.2,0.1,6,10
grncdr,merge-stream,213.0,16.0,1.0,83.4,28.9,1.1,22,2,1.0,58.9,28.6,1.2,8,0.8,3.8,4.2,3,0
estools,escodegen,2602.0,331.0,0.6,90.6,76.3,2.7,189,26,0.8,39.8,18.6,2.5,92,0.7,2.8,4.0,4,0
webpack,webpack-sources,254.0,70.0,1.0,275.9,50.8,1.4,68,4,0.9,69.3,15.2,2.4,48,0.7,10.1,2.8,4,3
pillarjs,send,779.0,205.0,0.9,99.5,22.6,1.7,77,56,0.9,120.6,20.8,1.7,63,0.1,4.6,4.8,0,0
webpack-contrib,terser-webpack-plugin,1920.0,162.0,1.0,23.0,3.0,4.3,256,19,1.0,9.1,1.2,5.6,57,0.8,5.3,1.7,6,10
rvagg,through2,1896.0,127.0,1.0,261.4,8.0,1.7,76,0,1.0,231.4,16.1,1.4,44,0.5,3.6,4.0,1,0
jshttp,accepts,251.0,46.0,0.8,170.4,5.6,1.1,16,13,0.8,10.7,48.2,1.0,8,0.2,4.1,2.2,0,0
sindresorhus,log-symbols,728.0,34.0,1.0,37.7,0.1,1.1,12,0,1.0,4.4,4.7,1.5,7,0.6,3.3,1.5,4,0
rvagg,bl,424.0,75.0,0.8,86.7,0.1,1.4,31,1,1.0,60.4,9.9,1.8,31,0.7,2.7,3.2,1,6
expressjs,serve-static,1366.0,224.0,0.8,50.1,26.7,1.2,61,41,0.9,135.4,8.4,1.5,26,0.0,5.2,3.0,0,0
component,escape-html,441.0,102.0,1.0,25.2,18.1,1.0,5,1,0.9,15.6,9.5,1.2,16,0.3,2.3,3.5,0,0
indutny,node-ip,1434.0,200.0,0.3,75.0,169.7,1.5,77,0,0.6,246.2,82.9,1.6,68,0.4,1.6,2.6,0,1
jshttp,content-type,126.0,26.0,1.0,5.4,3.0,1.1,10,8,1.0,81.9,0.0,1.0,10,0.1,3.7,5.0,0,0
npm,nopt,529.0,49.0,0.7,205.1,41.2,1.5,40,14,1.0,113.2,30.1,2.3,20,0.4,2.0,1.1,10,3
expressjs,express,63314.0,13162.0,0.1,24.0,8.2,11.4,491,348,0.4,81.4,12.5,6.0,256,0.2,0.5,1.3,2,10
jshttp,methods,177.0,34.0,0.9,36.8,18.1,1.2,10,4,0.8,113.5,2.4,1.0,9,0.6,2.0,2.6,0,0
jaredhanson,utils-merge,70.0,21.0,0.4,0.4,0.2,1.0,7,0,0.6,471.6,77.0,1.0,9,0.8,1.6,2.1,1,0
sindresorhus,normalize-url,813.0,127.0,0.9,91.2,16.8,1.8,85,21,1.0,43.3,9.4,1.7,48,0.6,2.9,2.7,3,0
jshttp,fresh,157.0,32.0,0.9,145.6,4.8,1.1,19,12,0.9,35.6,1.0,1.2,11,0.4,4.8,2.6,0,0
pvorb,node-clone,773.0,135.0,0.6,116.8,40.9,1.4,66,3,0.9,51.5,6.1,1.4,27,0.8,2.2,2.6,3,0
SBoudrias,Inquirer.js,19173.0,1247.0,0.4,169.3,44.0,5.7,525,69,0.9,52.9,5.8,4.3,185,0.7,1.7,2.2,1,10
jshttp,etag,247.0,36.0,1.0,48.0,19.8,1.4,12,15,1.0,54.8,2.6,1.1,8,0.0,5.9,3.4,0,0
dominictarr,through,667.0,64.0,0.6,62.9,0.4,1.3,24,0,0.9,67.4,20.2,1.2,12,0.6,3.1,1.8,1,0
pillarjs,parseurl,189.0,27.0,1.0,2.4,2.4,1.7,4,2,1.0,45.8,0.0,1.2,5,0.3,2.0,4.7,0,0
Raynos,xtend,305.0,40.0,1.0,129.9,25.4,1.2,17,0,1.0,204.2,56.0,1.3,11,0.6,3.8,1.1,5,0
petkaantonov,bluebird,20410.0,2332.0,0.4,67.9,16.1,6.5,463,125,0.8,76.3,19.9,6.0,202,0.6,1.8,2.3,3,0
jshttp,type-is,224.0,34.0,0.9,21.4,2.1,1.2,23,27,0.8,79.1,34.8,1.2,11,0.2,5.0,2.7,0,0
jestjs,jest,43358.0,6322.0,0.1,38.5,10.7,35.7,419,499,0.1,15.8,1.4,41.7,122,0.7,0.3,0.3,0,0
webpack,webpack,63953.0,8657.0,0.0,39.2,19.6,29.4,294,178,0.1,19.5,0.0,41.7,67,0.5,0.1,0.2,3,10
sindresorhus,arrify,130.0,28.0,0.8,1.4,0.5,1.5,7,0,1.0,12.8,79.3,1.4,4,0.6,1.7,0.8,3,0
fb55,htmlparser2,4227.0,423.0,1.0,142.8,46.9,2.3,208,16,0.3,0.9,4.9,25.0,4,1.0,2.6,0.0,-1,10
justmoon,node-extend,341.0,71.0,1.0,64.9,8.8,1.2,26,2,1.0,121.5,0.2,1.3,13,0.6,2.6,2.7,0,0
typescript-eslint,typescript-eslint,14369.0,2606.0,0.1,12.4,3.1,71.4,212,500,0.1,9.1,0.0,83.3,59,0.9,0.3,0.4,9,10
jonschlinkert,word-wrap,181.0,48.0,0.8,82.6,156.1,1.4,35,3,0.8,42.8,143.7,1.3,29,0.8,2.9,5.2,2,0
primus,eventemitter3,3182.0,220.0,0.9,32.4,23.1,1.8,86,42,1.0,7.5,0.7,2.2,47,0.8,2.2,2.3,1,2
isaacs,node-tar,794.0,167.0,0.9,197.3,91.0,2.6,192,17,1.0,63.0,35.7,2.2,72,0.3,2.2,1.7,1,1
oozcitak,xmlbuilder-js,916.0,110.0,1.0,90.2,15.9,2.2,152,135,0.9,25.2,7.5,1.3,14,0.7,2.5,1.2,0,0
nodeca,pako,5257.0,780.0,0.9,21.5,9.8,2.5,182,15,1.0,22.8,1.5,1.4,39,0.4,4.1,3.7,1,0
npm,npmlog,435.0,63.0,1.0,698.7,291.3,1.5,85,3,1.0,114.5,55.5,2.7,36,0.5,3.3,1.6,10,3
zertosh,loose-envify,281.0,28.0,0.7,289.3,341.9,1.5,3,0,0.7,117.9,27.8,1.2,5,0.6,0.7,1.3,1,0
isaacs,json-stringify-safe,542.0,54.0,0.9,105.8,14.5,1.1,27,0,0.7,42.5,28.9,1.2,5,0.0,2.9,1.6,0,0
facebook,prop-types,4435.0,356.0,0.8,180.7,37.8,4.0,355,67,0.9,94.3,26.1,2.6,74,0.6,4.2,3.2,5,3
crypto-browserify,randombytes,94.0,49.0,0.8,538.1,259.5,1.1,28,8,0.9,198.4,71.1,1.3,14,0.7,4.9,4.1,3,0
maxogden,concat-stream,572.0,71.0,0.7,113.6,54.8,1.3,34,0,0.8,108.1,30.0,1.3,27,0.8,2.5,2.3,2,0
terkelg,prompts,8552.0,296.0,0.5,50.9,44.7,3.9,188,94,0.8,29.3,39.6,3.0,74,0.8,2.6,2.5,5,2
sindresorhus,component-emitter,592.0,119.0,1.0,581.2,160.7,1.5,49,1,1.0,404.1,216.9,1.3,32,0.3,3.2,2.1,1,1
jsdom,jsdom,19778.0,1627.0,0.1,70.4,42.4,10.2,446,84,0.3,51.2,16.5,7.9,191,0.7,0.5,0.7,2,10
mcavage,node-assert-plus,122.0,25.0,0.6,310.8,103.5,1.2,16,0,1.0,75.7,22.4,1.4,9,0.6,1.1,0.8,3,0
Marak,colors.js,5146.0,448.0,0.7,271.2,75.5,2.2,363,35,0.9,262.0,194.6,1.9,107,0.4,6.2,2.5,2,0
tj,co,11866.0,861.0,0.8,61.2,16.5,3.1,187,11,0.9,37.4,10.2,3.1,107,0.5,4.3,3.3,3,0
facebook,react,219442.0,44801.0,0.0,16.2,5.6,50.0,717,414,0.4,2.7,0.3,100.0,56,0.8,0.1,0.0,9,10
moment,moment,47735.0,7039.0,0.1,59.2,38.3,10.6,514,68,0.2,211.3,11.8,7.7,243,0.3,0.3,0.9,0,10
dchest,tweetnacl-js,1708.0,349.0,1.0,81.0,16.8,2.1,99,96,1.0,44.4,47.2,2.0,28,0.5,3.3,1.5,2,0
webpack-contrib,css-loader,4270.0,644.0,0.6,59.3,14.4,6.2,515,99,0.7,13.6,0.3,7.7,72,0.9,2.8,1.3,5,10
inspect-js,node-deep-equal,756.0,144.0,1.0,468.0,196.7,1.4,46,0,1.0,480.9,279.9,1.3,32,0.4,2.9,1.8,0,2
sindresorhus,file-type,3423.0,335.0,0.9,83.8,24.7,3.3,261,111,1.0,14.8,13.8,3.3,94,0.8,3.0,2.1,5,7
defunctzombie,node-url,372.0,102.0,0.7,326.7,150.1,1.3,45,1,0.9,191.7,16.5,1.4,23,0.5,3.0,1.8,1,0
joyent,node-verror,1177.0,67.0,0.7,193.3,37.6,1.6,57,0,1.0,184.1,78.2,1.6,18,0.3,3.9,2.6,1,0
import-js,eslint-plugin-import,5228.0,1528.0,0.2,28.2,11.0,17.2,553,161,0.4,41.6,2.2,8.3,331,0.8,1.2,2.6,2,10
nodejs,,3237.0,496.0,0.9,29.3,4.1,4.6,375,30,1.0,36.7,11.6,4.8,140,0.7,5.1,4.6,5,0
shtylman,node-process,117.0,64.0,0.8,10.2,2.0,1.6,36,0,0.9,10.5,1.8,1.6,38,0.5,3.7,4.2,1,0
digitalbazaar,forge,4902.0,756.0,0.2,48.8,82.0,5.6,363,31,0.8,112.3,60.6,2.3,128,0.7,1.1,2.3,0,0
sindresorhus,got,13826.0,908.0,0.3,26.8,14.4,11.9,341,101,0.7,13.7,3.6,7.0,146,0.8,1.1,2.4,4,10
postcss,autoprefixer,21380.0,1257.0,0.4,14.5,0.8,6.8,416,79,1.0,3.0,0.8,3.2,102,0.8,2.6,3.2,2,9
webpack,webpack-dev-middleware,2467.0,349.0,1.0,92.0,15.3,3.3,403,63,0.3,4.9,0.9,20.0,11,0.8,4.2,0.4,0,10
TypeStrong,ts-node,12453.0,523.0,0.3,33.5,20.0,11.4,466,98,0.7,27.9,5.0,6.8,172,0.8,1.2,2.5,1,2
sindresorhus,ora,8837.0,308.0,0.9,65.2,17.7,1.9,156,22,1.0,33.8,18.6,1.9,47,0.6,2.9,2.4,2,4
visionmedia,node-progress,2927.0,279.0,0.5,156.1,87.1,1.6,142,0,0.8,226.4,109.6,1.7,66,0.4,3.3,2.3,6,0
Gozala,querystring,285.0,72.0,0.5,109.3,177.8,1.2,29,2,0.9,158.1,184.6,1.3,22,0.4,2.3,2.3,4,0
mishoo,UglifyJS,12880.0,1334.0,0.2,1.4,4.6,14.7,70,380,0.5,0.2,0.9,20.8,11,1.0,0.3,0.1,0,0
mathiasbynens,he,3352.0,252.0,0.7,22.1,103.0,1.4,59,0,0.8,90.7,72.1,1.2,14,0.1,2.2,4.4,0,0
expressjs,compression,2709.0,228.0,0.9,15.7,13.1,2.1,147,112,0.6,200.6,17.8,1.4,66,0.1,6.1,8.2,0,0
dcodeIO,long.js,871.0,212.0,0.8,232.4,56.2,1.4,101,25,0.8,84.3,44.1,1.5,32,0.6,3.1,2.2,3,0
webpack,memory-fs,882.0,88.0,0.5,225.2,119.5,1.2,38,0,0.8,311.8,44.3,1.5,21,0.6,1.6,2.5,7,0
arcanis,jest-pnp-resolver,25.0,13.0,0.8,29.6,0.1,1.2,5,0,0.7,55.3,41.5,1.4,5,1.0,3.8,3.3,2,0
unshiftio,url-parse,1016.0,109.0,0.9,52.8,16.2,2.0,74,43,1.0,19.5,19.3,2.2,26,0.9,2.6,1.7,0,0
sindresorhus,meow,3460.0,151.0,0.8,156.5,16.0,1.9,131,37,1.0,50.6,13.8,1.9,66,0.6,3.7,3.1,4,8
Leonidas-from-XIV,node-xml2js,4799.0,573.0,0.6,175.7,85.2,3.5,636,3,0.8,90.8,10.7,2.2,176,0.5,3.5,3.4,3,0
babel,babel-loader,4792.0,451.0,0.7,131.0,38.5,5.6,931,60,1.0,35.2,10.3,4.3,171,0.6,3.9,2.1,4,2
iamkun,dayjs,45377.0,2225.0,0.1,14.4,21.0,21.7,388,11,0.3,33.3,7.7,11.6,276,0.7,0.6,1.3,6,4
date-fns,date-fns,33357.0,1713.0,0.1,33.3,24.9,17.9,432,55,0.2,62.0,56.1,13.9,168,0.7,0.5,0.3,2,10
request,request,25662.0,3140.0,0.2,350.6,141.9,6.8,558,293,0.4,149.8,115.3,6.8,271,0.4,0.7,0.8,7,0
Qix-,color,4709.0,330.0,0.9,190.5,36.1,2.2,136,76,1.0,79.9,52.0,1.6,55,0.5,3.3,3.1,2,0
sindresorhus,get-stdin,333.0,34.0,0.9,92.4,32.6,1.1,24,0,1.0,55.1,0.1,1.5,12,0.5,3.9,3.6,2,0
puleos,object-hash,1340.0,155.0,0.7,223.3,99.1,1.6,95,2,0.9,34.7,5.0,1.9,25,0.7,3.3,1.4,5,10
svg,svgo,20197.0,1356.0,0.3,292.5,127.6,7.4,407,279,0.6,80.2,79.3,7.6,156,0.8,1.3,1.1,7,10
webpack-contrib,style-loader,1643.0,476.0,1.0,165.3,29.3,3.0,454,61,1.0,45.8,8.7,3.6,168,0.8,5.2,3.2,8,7
mridgway,hoist-non-react-statics,1799.0,104.0,0.7,68.8,35.9,1.5,44,0,0.8,73.8,8.1,1.8,31,0.7,2.9,2.3,4,0
ljharb,shell-quote,18.0,7.0,0.4,32.3,0.2,1.7,7,6,1.0,1.2,0.9,1.5,3,0.7,5.4,3.7,0,0
clean-css,clean-css,4118.0,322.0,0.5,247.1,80.1,5.4,408,311,1.0,35.0,16.1,2.7,86,0.7,2.0,3.0,0,0
jsx-eslint,eslint-plugin-react,8766.0,2748.0,0.2,49.5,4.7,12.8,481,286,0.4,34.7,12.8,9.3,236,0.9,0.9,1.0,6,10
mdevils,html-entities,598.0,123.0,1.0,409.8,218.5,1.3,31,0,0.9,205.9,20.0,1.3,14,0.8,2.1,2.1,0,0
immutable-js,immutable-js,32820.0,1777.0,0.3,222.2,67.4,6.5,511,144,0.6,72.8,49.6,7.2,152,0.8,1.3,1.2,1,10
webpack-contrib,postcss-loader,2844.0,209.0,1.0,27.8,4.5,4.2,443,46,1.0,11.9,1.8,3.8,71,0.9,6.4,2.6,5,10
mcollina,split2,276.0,29.0,0.8,66.3,0.1,1.1,11,1,1.0,28.4,12.0,1.5,19,0.7,2.8,2.5,3,0
TypeStrong,fork-ts-checker-webpack-plugin,1900.0,234.0,1.0,121.4,22.4,5.5,515,309,1.0,19.7,12.0,5.3,137,0.9,5.2,4.3,5,0
unclechu,node-deep-extend,201.0,62.0,0.7,90.6,62.2,1.1,37,13,0.8,65.4,68.6,1.1,13,0.5,2.9,2.1,1,0
rollup,rollup,24559.0,1405.0,0.1,32.7,17.5,18.5,385,379,0.2,3.4,0.2,19.2,90,0.9,0.5,1.0,3,10
zertosh,invariant,1197.0,78.0,0.5,57.9,114.8,1.1,27,0,0.9,164.4,62.2,1.2,14,0.6,1.7,1.3,3,0
http-party,node-http-proxy,13675.0,1931.0,0.1,189.1,120.4,5.1,631,7,0.8,130.3,84.5,3.9,340,0.5,0.9,2.4,8,0
lquixada,cross-fetch,1640.0,108.0,0.9,100.2,65.5,1.9,121,12,1.0,52.8,34.4,1.7,38,0.5,2.9,1.6,0,0
sindresorhus,log-update,1063.0,39.0,0.8,148.4,143.5,1.4,26,7,1.0,62.6,22.6,1.4,19,0.6,2.9,3.6,2,0
then,promise,2552.0,320.0,0.8,57.0,46.9,1.8,63,10,1.0,58.4,64.9,1.6,32,0.8,2.8,2.8,3,0
sindresorhus,del,1306.0,71.0,0.8,47.7,14.5,1.9,127,5,1.0,22.6,3.1,1.5,23,0.7,3.3,3.0,5,0
sindresorhus,boxen,1468.0,67.0,0.9,236.1,72.3,1.3,22,11,1.0,32.2,12.6,1.7,18,0.7,2.4,3.5,4,1
maxogden,extract-zip,384.0,131.0,0.5,210.4,96.9,1.5,98,8,0.8,225.1,150.0,1.6,52,0.5,2.3,2.0,2,0
dominictarr,rc,1006.0,114.0,0.7,62.0,33.2,1.5,65,0,0.8,31.0,39.0,1.5,62,0.6,4.3,3.8,3,0
protobufjs,protobuf.js,9549.0,1378.0,0.1,86.0,93.2,7.5,518,22,0.7,82.4,59.5,5.3,294,0.6,0.7,1.5,10,1
kriskowal,q,14952.0,1204.0,0.7,63.2,18.3,6.4,375,69,1.0,57.4,12.2,4.1,111,0.5,3.7,3.1,6,0
chimurai,http-proxy-middleware,10417.0,816.0,0.8,186.7,51.4,4.6,722,136,0.9,39.6,3.6,3.9,69,0.7,3.7,2.1,1,0
jantimon,html-webpack-plugin,10601.0,1306.0,0.4,130.0,37.1,8.2,557,77,0.9,65.3,120.1,5.7,251,0.5,1.6,2.9,3,10
reactjs,react-transition-group,10040.0,650.0,0.5,59.9,41.6,6.6,674,28,0.9,45.2,66.9,4.6,117,0.7,3.1,2.8,4,0
auth0,node-jsonwebtoken,17290.0,1203.0,0.6,70.6,23.9,5.5,734,65,0.9,83.5,23.3,3.0,178,0.6,2.4,1.9,8,0
react-bootstrap,dom-helpers,396.0,67.0,0.6,133.2,86.2,1.5,31,2,0.9,55.9,47.5,3.0,30,0.8,2.8,1.0,0,0
mde,ejs,7487.0,762.0,0.8,50.9,23.7,4.7,449,91,0.9,163.1,19.2,2.6,83,0.6,3.2,3.1,2,0
TooTallNate,node-bindings,401.0,94.0,0.6,174.8,103.1,1.4,94,0,0.8,208.2,123.8,1.0,22,0.5,2.5,2.0,2,0
hij1nx,EventEmitter2,2774.0,241.0,0.8,222.1,28.8,1.8,126,40,0.9,58.8,27.1,2.1,68,0.8,3.3,2.1,3,0
sindresorhus,pretty-bytes,1051.0,79.0,0.9,48.8,0.6,1.2,38,7,1.0,18.9,1.9,1.2,17,0.5,2.4,2.4,3,0
webpack-contrib,sass-loader,3891.0,424.0,0.7,43.6,10.9,5.6,727,104,1.0,19.2,2.6,4.7,175,0.8,4.3,2.4,3,10
AriaMinaei,pretty-error,1518.0,50.0,0.6,127.4,33.2,1.7,45,9,0.7,60.2,19.2,1.2,12,0.6,3.3,1.7,1,0
handlebars-lang,handlebars.js,17626.0,2040.0,0.3,256.3,95.7,5.3,443,86,0.8,57.1,23.9,4.5,277,0.7,1.2,2.6,3,4
browserify,commonjs-assert,293.0,60.0,0.9,272.8,183.5,1.1,28,0,0.9,96.3,68.8,1.4,19,0.5,3.9,4.1,1,0
JedWatson,classnames,17268.0,552.0,1.0,131.6,31.2,2.1,232,113,1.0,98.6,47.9,3.1,114,0.7,3.7,2.8,2,10
motdotla,dotenv-expand,872.0,97.0,1.0,318.3,99.7,1.4,54,3,1.0,190.7,118.6,1.8,42,0.6,2.7,1.9,0,10
mafintosh,tar-fs,348.0,81.0,1.0,528.0,130.7,1.6,66,0,1.0,253.3,93.9,1.4,24,0.7,3.4,2.9,1,1
webpack-contrib,mini-css-extract-plugin,4620.0,393.0,0.8,75.8,11.4,7.5,803,46,1.0,43.3,1.6,6.6,194,0.7,4.6,3.2,3,10
webpack,webpack-dev-server,7726.0,1422.0,0.2,27.3,4.5,12.5,526,10,0.2,10.1,0.3,25.0,20,0.7,1.3,0.3,0,10
bripkens,connect-history-api-fallback,1809.0,141.0,0.8,29.8,26.4,1.3,58,0,1.0,63.6,0.7,1.3,15,0.5,3.1,1.5,2,0
webpack-contrib,file-loader,1867.0,274.0,1.0,139.7,32.9,3.6,407,59,1.0,56.7,17.2,2.5,88,0.7,4.7,3.9,3,0
jashkenas,underscore,27215.0,5529.0,0.3,123.4,35.8,5.6,403,376,0.3,115.3,14.1,6.2,168,0.6,1.4,1.1,1,0
github,fetch,25802.0,2848.0,0.8,60.0,11.8,5.7,454,3,1.0,32.9,6.8,3.8,174,0.5,1.9,2.4,8,10
prettier,eslint-plugin-prettier,3127.0,198.0,1.0,83.4,28.9,3.2,448,36,1.0,24.4,8.6,5.1,49,0.6,4.0,1.7,3,10
winstonjs,winston,21827.0,1790.0,0.2,122.1,80.9,7.5,669,203,0.5,63.0,31.5,7.1,172,0.6,1.0,0.8,5,10
nodejs,node-gyp,9567.0,1755.0,0.2,63.3,14.9,11.9,606,256,0.6,69.8,23.8,6.2,240,0.4,1.0,2.6,3,9
jsx-eslint,eslint-plugin-jsx-a11y,3298.0,641.0,0.8,127.2,24.8,5.0,489,197,1.0,27.3,3.7,5.9,121,0.7,4.7,3.7,3,10
expressjs,serve-index,436.0,151.0,0.8,57.3,26.6,1.4,41,40,0.7,273.2,49.4,1.8,34,0.0,4.6,3.4,0,0
zspecza,common-tags,1966.0,74.0,0.8,141.6,57.4,2.2,34,31,1.0,86.6,3.8,3.6,20,0.5,2.2,4.2,2,0
felixge,node-stack-trace,447.0,41.0,0.5,926.0,522.0,1.0,20,2,0.7,186.2,135.0,1.6,9,0.8,1.9,1.4,6,0
ramda,ramda,23493.0,1430.0,0.3,234.1,6.1,7.1,456,96,0.3,174.1,45.5,6.8,220,0.7,1.5,1.1,7,4
syntax-tree,unist-util-visit,236.0,21.0,1.0,28.7,3.8,1.0,21,12,1.0,4.4,2.0,1.4,10,0.5,6.0,2.4,0,0
sindresorhus,gzip-size,168.0,20.0,0.9,0.2,0.2,1.1,6,1,1.0,1.2,1.0,1.2,6,0.9,1.9,0.9,3,0
survivejs,webpack-merge,2662.0,140.0,1.0,200.3,50.7,2.4,130,17,0.9,73.4,0.4,1.6,25,0.9,4.6,2.1,1,0
indutny,elliptic,1623.0,351.0,0.5,79.5,26.4,2.2,170,1,0.7,105.3,23.2,1.8,57,0.2,3.6,3.9,2,0
cssnano,cssnano,4598.0,316.0,0.6,91.9,17.2,6.0,473,352,0.6,16.9,2.6,9.4,64,0.8,3.3,1.4,0,10
graphql,graphql-js,19863.0,1981.0,0.3,71.0,20.2,7.4,535,252,0.1,18.9,1.1,17.9,75,0.8,1.7,0.5,8,2
kulshekhar,ts-jest,6801.0,443.0,0.4,38.8,10.9,8.5,727,397,0.2,5.8,2.6,22.7,43,0.9,2.8,0.2,10,10
aws,aws-sdk-js,7541.0,1546.0,0.1,112.1,46.9,13.9,483,493,0.4,64.5,23.4,8.3,129,0.8,0.4,0.8,1,10
hughsk,flat,1732.0,202.0,0.6,740.2,244.6,1.5,95,1,0.8,108.5,120.2,1.6,64,0.6,2.9,1.5,0,1
alexreardon,memoize-one,2907.0,83.0,1.0,178.5,23.4,1.6,37,7,0.9,36.3,23.8,4.5,23,0.3,5.2,1.4,0,0
expressjs,cors,5946.0,456.0,0.8,60.6,36.1,1.6,121,56,0.9,32.5,16.3,1.5,45,0.5,3.2,1.8,1,0
remix-run,react-router,51677.0,10103.0,0.1,5.0,4.1,33.3,448,490,0.2,6.2,0.0,33.3,106,0.8,0.2,0.5,1,10
crypto-browserify,createHash,52.0,34.0,0.6,168.0,67.0,1.2,17,5,1.0,30.4,0.5,1.6,4,0.9,3.7,1.8,4,0
BerkeleyTrue,warning,223.0,26.0,1.0,61.5,6.1,1.2,11,4,0.8,72.1,2.7,1.6,11,0.6,3.1,2.0,1,0
then,is-promise,280.0,32.0,1.0,14.7,5.7,2.8,55,0,1.0,53.4,9.2,2.0,25,0.7,6.1,2.8,3,0
immerjs,immer,26681.0,831.0,0.7,33.0,11.3,7.8,446,386,1.0,34.3,3.7,6.3,110,0.8,2.9,3.2,5,4
avoidwork,filesize.js,1494.0,101.0,1.0,24.8,16.0,1.5,53,12,1.0,10.0,27.3,2.1,14,0.9,4.0,1.0,1,0
jest-community,eslint-plugin-jest,1102.0,218.0,0.9,131.3,19.7,5.3,257,279,0.4,4.4,16.1,16.7,38,0.9,3.6,0.7,2,10
typicode,husky,31211.0,993.0,0.5,64.8,20.6,10.0,943,85,1.0,110.6,45.7,3.9,240,0.6,2.3,1.9,2,10
mscdex,busboy,2743.0,210.0,0.9,248.8,33.2,2.6,296,53,0.8,291.9,84.2,1.5,58,0.1,4.0,2.6,0,0
stefanpenner,es6-promise,7301.0,593.0,0.9,92.7,34.5,2.8,226,20,1.0,27.6,24.2,3.3,77,0.7,4.6,1.6,2,0
postcss,postcss-import,1350.0,128.0,1.0,96.6,4.9,3.1,314,81,1.0,32.9,4.4,3.4,74,0.7,5.7,2.7,6,10
MikeMcl,bignumber.js,6466.0,738.0,0.9,45.2,11.0,2.6,209,12,0.9,55.0,22.7,1.4,43,0.5,3.1,2.1,2,5
felixge,node-dateformat,1294.0,165.0,0.8,477.2,231.8,1.9,122,0,1.0,193.7,118.9,1.9,48,0.7,2.3,2.0,5,0
benjamn,recast,4770.0,342.0,0.6,133.8,83.4,3.2,233,94,0.5,25.9,21.3,14.3,30,0.1,2.4,0.5,2,0
validatorjs,validator.js,22387.0,2250.0,0.3,116.9,15.8,7.9,478,425,0.2,65.8,1.5,14.3,205,0.5,1.8,1.0,8,6
reduxjs,redux,60305.0,15269.0,0.2,37.3,6.9,7.7,376,60,0.2,23.1,0.0,11.6,106,0.7,0.9,0.6,8,10
moment,moment-timezone,3781.0,851.0,0.6,382.8,159.4,6.0,538,130,1.0,112.2,30.8,2.6,194,0.6,1.7,2.5,0,10
hapijs,joi,20511.0,1511.0,0.1,56.3,30.2,11.1,373,383,0.7,28.9,227.6,4.6,195,0.6,0.5,2.3,3,10
node-formidable,formidable,6908.0,704.0,0.9,480.8,112.8,3.5,571,88,1.0,203.0,85.1,3.6,151,0.5,4.6,2.4,1,0
remix-run,history,8237.0,967.0,0.7,72.6,28.4,5.8,574,20,1.0,75.1,30.0,4.9,224,0.4,3.0,3.2,1,0
dominictarr,split,347.0,39.0,0.9,230.6,0.4,1.2,19,0,0.7,8.3,1.4,1.1,7,1.0,3.3,2.4,3,0
yeoman,configstore,855.0,56.0,0.9,80.2,12.7,1.3,50,5,1.0,46.2,7.6,1.3,23,0.6,3.0,2.6,2,0
gulpjs,findup-sync,97.0,28.0,1.0,75.5,28.4,1.2,20,0,1.0,57.4,17.4,1.4,21,0.4,5.1,2.3,0,0
airbnb,babel-plugin-dynamic-import-node,574.0,66.0,1.0,49.0,0.2,1.8,45,16,0.9,59.2,32.3,2.3,16,0.8,4.4,2.5,4,0
image-size,image-size,1926.0,183.0,0.8,214.7,129.5,1.6,141,9,1.0,39.3,15.9,3.5,43,0.8,3.3,0.8,1,10
ladjs,superagent,16516.0,1325.0,0.3,106.0,28.5,5.6,442,23,0.7,45.0,18.7,5.2,285,0.7,1.3,1.9,1,10
tildeio,rsvp.js,3621.0,274.0,0.9,55.7,8.8,3.6,129,9,1.0,56.0,48.9,4.8,85,0.8,3.8,2.0,1,0
normalize,mz,1386.0,56.0,0.6,50.0,16.6,1.5,34,3,0.9,12.5,0.9,1.9,11,0.5,3.7,2.8,3,0
ljharb,js-traverse,30.0,5.0,0.5,1.2,0.2,1.0,3,0,0.3,0.5,7.7,1.0,4,1.0,3.5,2.0,0,5
pimterry,loglevel,2522.0,169.0,0.9,161.0,45.2,1.8,115,21,1.0,51.6,2.3,1.8,36,0.7,3.4,3.0,5,10
Urthen,case-sensitive-paths-webpack-plugin,428.0,45.0,0.8,53.4,12.2,1.3,35,11,0.4,34.1,61.6,1.9,16,0.6,3.0,0.7,2,0
blakeembrey,pluralize,2090.0,186.0,0.7,57.0,20.6,1.5,86,35,0.8,112.9,18.8,1.7,47,0.6,2.5,2.7,6,0
dashed,shallowequal,171.0,16.0,0.9,78.2,44.7,1.4,13,6,0.9,18.9,10.3,4.4,6,0.8,2.3,0.4,10,0
shelljs,shelljs,14095.0,723.0,0.7,76.1,21.2,5.3,366,400,0.9,53.2,14.2,5.6,130,0.8,3.1,3.4,3,9
markedjs,marked,31537.0,3342.0,0.3,54.0,7.5,10.0,370,365,0.3,2.9,0.0,21.7,43,0.9,1.3,0.5,6,10
http-party,node-portfinder,870.0,102.0,1.0,197.0,84.1,1.5,72,7,1.0,86.6,29.9,1.9,48,0.7,4.3,3.1,6,0
PrismJS,prism,11908.0,1266.0,0.2,53.3,35.3,11.6,244,358,0.2,10.0,0.0,13.9,83,0.9,0.7,0.5,7,0
chaijs,chai,8026.0,694.0,0.4,82.4,27.7,5.7,375,84,0.8,48.8,14.1,5.4,150,0.7,1.7,2.8,6,10
domenic,opener,300.0,28.0,0.7,124.3,45.7,1.1,17,0,0.9,14.3,14.8,1.4,5,0.5,1.8,1.1,2,0
sindresorhus,get-port,842.0,69.0,0.9,180.7,31.7,1.3,48,12,1.0,30.3,12.3,1.4,22,0.6,3.4,3.0,4,0
okonet,lint-staged,12692.0,406.0,0.5,120.2,10.4,8.1,716,56,0.8,63.3,5.2,6.4,156,0.7,3.3,4.0,0,10
webpack-contrib,url-loader,1407.0,158.0,1.0,94.8,27.1,2.2,156,29,1.0,38.9,17.1,2.0,42,0.8,3.5,2.3,2,0
reactjs,react-lifecycles-compat,459.0,34.0,0.8,0.5,0.3,2.4,13,6,0.6,207.1,260.7,3.5,12,0.6,2.8,0.9,1,0
luisrudge,postcss-flexbugs-fixes,751.0,35.0,0.9,49.8,30.2,1.9,30,12,0.9,177.0,177.4,1.5,18,0.5,3.5,2.1,3,0
jquery,jquery,58726.0,20574.0,0.2,34.5,5.3,8.2,318,165,0.2,18.4,16.4,8.2,77,0.7,0.8,0.3,9,10
cheeriojs,cheerio,27515.0,1609.0,0.4,199.9,80.7,6.1,503,53,0.2,2.9,18.5,45.5,8,0.9,1.3,0.0,0,10
mochajs,mocha,22384.0,2986.0,0.1,113.4,61.1,10.0,400,434,0.2,48.9,4.4,9.8,191,0.7,0.5,1.0,6,10
ljharb,json-stable-stringify,43.0,8.0,0.6,24.4,0.2,1.4,6,2,0.6,0.5,0.1,1.2,3,0.8,4.3,1.7,1,10
rbuckton,reflect-metadata,3095.0,180.0,0.8,426.0,142.0,2.0,148,33,0.9,445.1,339.1,1.5,18,0.5,2.7,1.4,1,10
tomas,needle,1610.0,247.0,0.7,87.9,18.5,2.5,233,5,1.0,99.8,20.7,2.0,80,0.7,3.8,3.5,5,10
archiverjs,node-archiver,2704.0,231.0,0.7,123.5,47.0,3.4,514,15,1.0,43.6,37.9,3.8,45,0.6,3.8,1.1,0,10
webpack-contrib,copy-webpack-plugin,2820.0,299.0,1.0,107.7,13.2,4.3,567,115,1.0,27.8,4.8,4.6,103,0.8,5.2,2.0,7,10
reworkcss,css,1555.0,252.0,0.4,199.0,183.1,1.9,87,9,0.7,148.8,37.0,1.8,41,0.6,2.2,1.5,3,0
js-cookie,js-cookie,21476.0,2077.0,0.9,25.8,6.2,5.4,425,179,1.0,30.3,14.8,3.4,56,0.3,4.3,2.5,0,4
chrisdickinson,raf,743.0,66.0,0.9,91.3,25.2,1.0,22,0,1.0,11.8,9.4,1.6,17,0.8,4.1,3.2,3,0
webpack,webpack-cli,2538.0,576.0,0.6,67.2,8.9,9.1,447,327,0.2,4.4,0.1,33.3,13,0.8,3.6,0.2,7,10
dominictarr,JSONStream,1900.0,180.0,0.6,101.7,14.4,2.1,132,0,0.9,29.3,6.8,1.3,43,0.8,3.7,3.6,3,0
d3,d3-array,454.0,199.0,0.9,101.0,56.0,2.1,70,4,1.0,78.8,31.6,2.3,23,0.6,2.4,1.9,3,0
highlightjs,highlight.js,22855.0,3490.0,0.2,28.3,2.6,13.2,344,482,0.2,15.8,4.6,13.5,191,0.8,1.1,0.8,10,10
reduxjs,react-redux,23175.0,3351.0,0.4,43.3,1.7,7.8,589,17,0.6,16.2,0.0,8.1,177,0.7,2.7,2.4,10,10
facebook,fbjs,1947.0,310.0,0.7,75.0,20.7,2.3,147,2,0.9,68.2,21.2,4.6,114,0.8,2.5,1.6,3,0
yeoman,update-notifier,1744.0,149.0,0.8,104.2,40.6,1.7,115,24,1.0,42.3,7.4,1.9,47,0.6,2.7,2.3,2,0
postcss,postcss-nested,1126.0,66.0,1.0,67.1,3.3,1.9,126,15,1.0,39.9,1.4,1.4,15,0.8,5.0,1.9,0,0
csstools,postcss-plugins,805.0,65.0,1.0,112.1,61.9,6.4,170,205,0.5,2.2,6.1,31.2,29,0.9,4.2,0.3,0,10
angular,angular-cli,26568.0,11994.0,0.0,3.2,4.0,83.3,402,242,0.0,1.3,28.2,100.0,33,0.9,0.1,0.0,9,10
reduxjs,reselect,18988.0,671.0,0.9,188.6,41.9,4.3,453,54,0.9,152.4,11.6,3.4,136,0.7,4.5,3.9,10,10
fshost,node-dir,219.0,43.0,0.6,102.5,89.0,1.3,39,0,0.7,17.4,38.8,1.3,11,0.9,1.9,1.3,4,0
bruce,node-temp,444.0,62.0,1.0,470.0,215.5,1.3,44,9,0.9,226.3,137.2,1.4,31,0.8,3.4,1.1,2,0
Stuk,jszip,9376.0,1290.0,0.2,92.3,84.8,5.3,520,63,0.8,103.6,82.6,2.4,117,0.8,1.6,2.0,1,0
sinonjs,sinon,9523.0,763.0,0.3,54.3,12.4,6.4,392,177,0.4,14.2,3.1,7.2,104,0.9,1.6,1.0,2,10
webpack-contrib,source-map-loader,355.0,85.0,1.0,322.8,79.5,1.5,86,15,1.0,62.5,4.1,2.6,52,0.8,3.5,2.0,8,5
arcanis,pnp-webpack-plugin,261.0,20.0,0.5,32.1,5.9,1.1,22,0,0.5,136.9,93.1,1.6,9,0.4,3.1,1.5,1,0
pngjs,pngjs,655.0,97.0,0.7,185.3,105.4,2.0,86,27,1.0,56.2,12.3,4.9,32,0.4,1.8,1.4,1,0
jshttp,basic-auth,700.0,85.0,0.9,6.6,0.7,1.2,22,17,0.9,33.0,3.8,1.5,14,0.3,3.6,1.6,0,0
Raynos,global,250.0,26.0,0.4,1035.4,48.3,1.0,12,0,1.0,117.6,31.3,1.2,9,0.7,2.2,1.8,2,0
JedWatson,react-select,27100.0,4079.0,0.1,31.9,24.0,15.2,576,404,0.4,74.1,3.3,8.6,326,0.7,0.4,1.0,2,0
FezVrasta,popper.js,28083.0,1523.0,0.4,20.3,2.3,19.2,314,197,0.4,7.2,0.0,20.8,92,0.9,1.4,1.4,1,10
styled-components,polished,7565.0,213.0,0.9,106.1,36.3,3.5,187,174,1.0,17.7,1.5,5.8,75,0.8,3.6,2.2,0,10
pvorb,node-md5,889.0,188.0,0.9,63.2,24.1,1.1,40,0,0.8,206.0,195.0,1.3,13,0.7,2.7,0.9,5,0
senchalabs,connect,9755.0,1094.0,0.7,160.3,43.8,6.4,359,63,1.0,63.8,21.9,6.4,222,0.4,2.9,2.9,0,0
styled-components,styled-components,39947.0,2464.0,0.1,29.0,23.2,14.7,833,22,0.4,47.7,17.6,8.2,267,0.7,0.7,0.9,1,10
jfromaniello,url-join,345.0,42.0,0.9,480.7,65.6,1.3,48,3,1.0,165.0,208.9,2.1,17,0.7,3.1,1.1,1,1
apollographql,graphql-tag,2311.0,181.0,0.7,87.8,54.8,3.4,366,44,0.8,23.7,13.5,8.8,92,0.2,3.3,1.0,7,1
brix,crypto-js,15222.0,2348.0,0.4,88.4,115.3,3.7,617,34,0.8,98.7,57.2,1.8,55,0.6,2.6,2.4,2,0
arcanis,ts-pnp,66.0,9.0,0.0,,0.6,1.0,5,0,0.5,271.0,207.9,1.0,2,0.5,1.2,0.8,0,0
gregberge,svgr,10226.0,407.0,0.7,60.1,16.7,7.4,599,253,1.0,14.0,0.0,4.4,113,0.8,3.1,2.9,0,0
kentcdodds,cross-env,6237.0,266.0,1.0,57.8,18.8,2.7,163,34,1.0,12.1,5.1,2.8,52,0.8,3.8,3.0,6,0
postcss,postcss-safe-parser,118.0,12.0,0.9,51.6,0.1,1.2,26,2,1.0,0.1,0.1,1.8,2,0.9,6.3,0.2,0,0
octokit,rest.js,496.0,61.0,0.7,153.6,10.8,2.3,145,113,1.0,4.3,26.2,10.1,12,0.9,5.6,1.2,8,10
jergason,recursive-readdir,341.0,93.0,0.6,96.3,56.1,1.3,44,1,0.8,70.5,20.5,1.2,42,0.6,2.0,2.8,4,0
blakeembrey,change-case,2124.0,90.0,1.0,171.7,45.4,2.0,107,30,1.0,75.8,54.5,5.6,20,0.8,3.2,0.6,0,10
webpack-contrib,webpack-bundle-analyzer,12473.0,475.0,0.9,225.0,8.2,3.8,407,162,1.0,47.4,13.9,3.7,115,0.7,5.5,3.2,6,0
isaacs,node-touch,121.0,15.0,0.6,331.3,210.5,1.1,21,0,0.9,264.7,28.8,2.8,6,0.0,2.1,1.4,0,0
remy,nodemon,25901.0,1701.0,0.3,49.6,9.7,8.2,674,262,0.9,42.0,17.3,4.0,206,0.6,1.5,1.9,0,10
matthew-andrews,isomorphic-fetch,6960.0,287.0,0.7,300.2,101.6,2.5,270,2,0.8,296.2,88.7,1.9,90,0.4,3.2,3.4,2,0
que-etc,resize-observer-polyfill,1725.0,139.0,0.5,96.9,67.0,1.6,93,19,0.3,78.6,86.7,1.4,24,0.3,2.9,1.1,1,0
node-modules,detect-port,361.0,28.0,1.0,321.4,6.6,1.2,29,4,1.0,19.2,0.2,1.6,12,0.9,3.5,1.8,3,0
babel,babylon,1715.0,256.0,1.0,81.3,22.7,13.1,144,174,1.0,14.3,1.6,23.8,115,0.8,3.3,2.6,6,0
emotion-js,emotion,17070.0,1087.0,0.2,50.2,13.4,12.5,624,481,0.4,28.0,0.0,10.6,132,0.7,1.3,1.2,6,0
slevithan,xregexp,3229.0,325.0,0.9,114.0,50.8,2.4,156,113,1.0,71.0,19.8,2.5,30,0.8,3.1,3.2,1,2
auth0,jwt-decode,3040.0,350.0,1.0,220.4,65.9,1.6,176,41,1.0,31.7,36.0,4.6,45,0.7,4.1,1.3,10,10
twbs,bootstrap,166958.0,78305.0,0.0,6.9,5.9,41.7,401,377,0.4,7.7,8.0,45.5,68,0.7,0.0,0.0,-1,10
markdown-it,markdown-it,16841.0,1656.0,0.6,20.7,8.0,6.3,289,16,1.0,43.3,14.0,2.0,97,0.5,1.5,2.7,3,10
facebook,create-react-app,101627.0,26517.0,0.0,27.7,15.2,23.8,595,362,0.2,79.6,8.0,16.7,433,0.2,0.1,0.3,9,0
d3,d3-shape,2464.0,303.0,0.9,94.3,63.4,2.2,66,2,1.0,85.3,48.8,1.6,25,0.6,2.2,2.0,4,0
pinojs,pino,12956.0,829.0,0.4,66.4,5.6,11.6,414,84,0.5,14.1,187.1,12.8,91,0.8,2.6,1.1,6,10
socketio,socket.io,59862.0,10062.0,0.1,92.2,26.7,12.5,513,460,0.6,106.9,61.0,4.3,244,0.6,0.5,1.2,2,10
gajus,eslint-plugin-flowtype,1079.0,154.0,0.9,303.0,106.1,4.6,229,203,1.0,45.7,12.5,3.8,87,0.8,2.9,2.5,1,0
npm,read,191.0,38.0,0.6,442.8,265.1,1.2,21,1,0.9,183.9,16.5,2.8,12,0.4,1.5,1.1,8,5
webpack-contrib,raw-loader,846.0,96.0,1.0,49.4,30.6,1.6,67,6,0.9,28.0,13.6,2.0,25,0.6,3.2,2.9,1,0
npm,cli,7873.0,2777.0,0.1,11.0,7.9,38.5,446,421,0.2,6.3,3.2,33.3,102,0.8,0.3,0.3,10,10
d3,d3-scale,1569.0,298.0,0.9,117.0,29.3,2.4,91,1,0.9,80.3,38.0,1.7,22,0.6,2.0,1.6,3,0
less,less.js,16979.0,3420.0,0.1,89.8,30.6,6.2,448,293,0.5,53.7,14.7,5.3,140,0.7,0.7,1.2,9,5
sindresorhus,multimatch,298.0,27.0,0.9,128.3,37.9,1.1,14,3,1.0,26.7,14.5,1.2,12,0.6,2.9,1.9,2,0
dankogai,js-base64,4150.0,1327.0,0.9,174.6,60.8,1.8,114,0,1.0,16.5,21.2,1.4,12,0.8,2.4,1.1,1,10
mikehall314,es6-promisify,516.0,36.0,1.0,167.9,88.5,1.1,16,2,0.9,130.5,123.6,1.4,7,0.5,2.0,0.7,0,0
oliviertassinari,babel-plugin-transform-react-remove-prop-types,899.0,61.0,0.8,27.5,6.4,2.0,80,47,1.0,3.9,7.5,2.9,29,0.8,3.5,1.1,4,0
npm,osenv,137.0,23.0,0.5,446.7,125.3,1.0,10,0,0.5,62.2,137.3,1.4,13,0.2,3.0,1.6,0,0
bevacqua,hash-sum,292.0,27.0,0.0,,57.1,1.0,4,0,0.3,277.2,277.2,1.2,1,0.0,2.0,0.3,0,0
mongodb,js-bson,1078.0,264.0,,,,,0,0,1.0,43.9,47.5,3.8,118,0.8,N/A,1.2,9,9
bjyoungblood,es6-error,215.0,34.0,0.7,89.4,5.6,1.3,23,3,1.0,32.6,14.6,1.6,19,0.6,3.8,2.4,3,0
jest-community,jest-watch-typeahead,408.0,19.0,0.7,76.6,42.2,1.9,26,1,1.0,14.4,52.2,5.3,16,0.9,2.8,0.8,0,10
babel,babel-eslint,2972.0,239.0,1.0,204.9,55.1,7.5,901,244,1.0,29.4,14.5,5.9,122,0.6,5.9,2.4,8,0
niksy,throttle-debounce,998.0,109.0,0.9,191.8,21.6,1.5,28,5,1.0,129.3,48.0,1.6,21,0.6,2.8,3.3,2,0
gulpjs,vinyl,1259.0,104.0,0.9,58.6,12.8,2.0,46,3,1.0,35.1,18.0,1.9,38,0.7,3.8,3.6,2,0
webpack-contrib,webpack-hot-middleware,2335.0,312.0,0.8,188.1,56.3,4.1,424,50,1.0,78.2,6.0,2.3,89,0.7,4.3,3.1,4,7
puppeteer,puppeteer,86267.0,8942.0,0.1,9.5,1.0,55.6,400,459,0.5,1.6,1.4,125.0,29,0.8,0.3,0.1,4,7
sockjs,sockjs-client,8342.0,1299.0,1.0,189.5,36.5,3.2,416,73,0.9,94.2,43.2,1.8,105,0.5,3.7,2.2,3,0
philbooth,bfj,164.0,4.0,,,,,0,0,1.0,1.3,1.4,3.0,4,0.7,N/A,0.6,0,0
reduxjs,redux-thunk,17724.0,1038.0,1.0,121.5,16.6,2.9,323,0,1.0,78.2,48.8,2.0,127,0.6,3.8,2.7,2,9
mongodb,node-mongodb-native,9920.0,1761.0,,,,,0,0,0.2,7.6,6.8,35.7,25,0.9,N/A,0.1,10,10
omnidan,node-emoji,1267.0,250.0,0.9,322.7,75.0,1.6,49,36,0.9,102.2,25.2,2.5,45,0.7,2.6,2.3,0,10
expressjs,serve-favicon,620.0,76.0,1.0,9.5,1.0,1.4,36,23,0.9,6.5,5.3,1.3,9,0.1,3.8,1.9,0,0
request,request-promise-native,1095.0,75.0,0.8,123.7,74.9,1.4,67,1,0.8,52.7,0.0,1.3,10,0.5,2.6,2.5,2,0
brianc,node-postgres,11793.0,1172.0,0.1,32.3,11.7,12.5,449,128,0.5,40.2,14.8,6.2,234,0.7,0.6,1.6,8,10
jasmine,jasmine,15691.0,2232.0,0.3,139.4,9.2,6.1,450,139,0.8,65.1,29.0,4.2,281,0.6,1.2,1.7,0,6
expressjs,multer,11227.0,1027.0,0.4,79.6,32.1,6.8,590,116,0.7,120.0,45.6,2.6,192,0.5,1.5,3.3,6,0
paulmillr,es6-shim,3119.0,398.0,0.9,69.1,4.4,3.0,110,123,1.0,11.2,3.4,5.2,45,0.7,5.0,3.0,0,0
shellscape,webpack-manifest-plugin,1425.0,185.0,1.0,180.5,26.2,2.6,239,28,1.0,145.3,64.5,2.4,86,0.6,4.3,3.4,3,0
i18next,i18next,7273.0,612.0,0.4,19.0,0.9,9.6,477,164,0.8,9.8,0.2,5.6,144,0.6,2.1,2.5,3,10
socketio,socket.io-client,10496.0,3048.0,0.4,374.4,155.2,5.3,828,201,0.9,169.3,55.2,4.2,221,0.5,1.8,1.4,1,10
stylelint,stylelint,10749.0,929.0,0.1,22.7,2.9,20.0,270,396,0.1,2.9,0.0,50.0,27,0.9,0.8,0.2,8,10
stephenhandley,requireindex,85.0,12.0,0.8,1.0,0.1,1.2,3,0,1.0,64.2,70.5,1.6,9,0.3,1.7,2.5,1,0
eslint-community,eslint-plugin-promise,884.0,95.0,0.7,271.4,101.3,2.2,114,63,1.0,37.9,35.8,6.1,50,0.5,3.0,1.4,1,0
expressjs,morgan,7763.0,524.0,0.9,18.5,6.1,2.2,176,151,0.9,88.7,20.3,1.8,73,0.1,3.6,3.5,2,0
googlechrome,workbox,12008.0,794.0,0.2,25.4,15.0,11.1,350,252,0.4,6.6,3.7,8.1,80,0.9,0.7,0.6,7,9
vuejs,core,43572.0,7677.0,0.1,5.0,2.5,62.5,407,210,0.1,11.3,1.1,62.5,128,0.7,0.3,0.3,6,10
npm,fstream,205.0,52.0,0.4,49.1,64.0,1.4,31,0,0.7,51.9,59.3,1.2,24,0.2,1.5,1.9,0,0
sindresorhus,debounce,701.0,77.0,1.0,1599.2,675.7,1.2,29,0,1.0,341.4,243.1,1.2,25,0.5,3.4,3.2,3,0
luin,ioredis,13250.0,1119.0,0.2,79.2,50.2,11.4,474,149,0.9,33.3,18.2,4.8,176,0.8,0.8,2.3,3,2
ladjs,supertest,13470.0,756.0,0.6,378.9,81.0,4.6,888,116,0.9,175.3,62.1,2.4,196,0.6,2.7,2.5,3,2
dominictarr,map-stream,121.0,22.0,0.4,21.3,1.9,1.1,10,0,0.7,3.5,24.7,1.1,12,0.6,1.7,4.2,2,0
cthackers,adm-zip,1938.0,359.0,0.5,401.3,140.7,2.7,511,19,1.0,147.5,55.7,2.0,47,0.8,2.8,0.5,7,2
bgrins,TinyColor,4911.0,430.0,0.5,94.1,93.1,1.9,104,5,0.8,157.7,65.2,2.1,61,0.7,2.7,2.5,0,0
dominictarr,event-stream,2186.0,157.0,0.9,581.8,13.3,1.6,100,3,1.0,64.3,8.1,1.6,25,0.7,13.6,2.3,1,0
adaltas,node-csv,3792.0,270.0,0.9,172.4,30.3,2.7,250,32,1.0,37.1,5.9,1.8,40,0.7,3.6,1.7,0,10
airbnb,javascript,140651.0,26024.0,0.4,17.2,1.1,7.2,438,278,0.3,25.3,15.4,7.2,156,0.4,1.2,0.4,7,10
janl,mustache.js,16207.0,2398.0,0.8,117.8,47.9,3.3,452,41,0.9,112.2,43.9,3.4,177,0.5,3.3,3.1,2,0
log4js-node,log4js-node,5744.0,775.0,0.5,136.1,41.5,6.7,383,131,0.8,50.5,27.9,4.8,115,0.9,2.1,1.3,1,1
beautifier,js-beautify,8387.0,1353.0,0.2,78.4,35.5,7.2,294,406,0.7,31.8,20.9,5.3,180,0.8,0.8,1.1,1,1
AvianFlu,ncp,678.0,103.0,0.3,184.4,123.5,1.6,93,0,0.6,424.4,139.4,1.8,34,0.4,2.3,1.1,1,0
sindresorhus,clipboardy,1713.0,81.0,0.8,15.6,16.8,1.6,64,13,1.0,4.2,2.1,1.8,15,0.8,2.3,2.2,3,0
eligrey,FileSaver.js,21108.0,4369.0,0.5,142.2,41.7,5.4,751,44,0.8,110.9,56.3,1.9,136,0.5,2.6,2.4,6,0
mysticatea,eslint-plugin-node,951.0,158.0,0.6,32.5,44.7,3.0,167,132,0.8,69.9,63.6,1.9,57,0.6,2.0,1.9,4,0
shama,gaze,1158.0,180.0,0.7,111.3,28.5,3.1,234,33,0.9,29.3,13.5,1.8,54,0.5,4.0,2.5,6,0
csstools,postcss-normalize,810.0,39.0,0.8,89.5,69.2,1.5,59,2,0.9,25.9,5.0,1.2,20,0.7,3.9,1.7,1,0
helmetjs,helmet,9948.0,361.0,1.0,67.3,23.2,2.9,297,102,1.0,17.9,41.8,1.9,63,0.7,4.9,2.9,0,10
jeremyfa,yaml.js,882.0,145.0,0.5,163.0,54.9,1.5,69,6,0.9,151.9,123.2,1.3,11,0.6,1.5,1.2,5,0
lovell,sharp,27568.0,1252.0,0.1,18.5,1.2,31.2,456,477,1.0,22.8,0.8,3.6,231,0.7,0.6,4.6,1,10
redis,node-redis,16603.0,1803.0,0.2,43.5,17.5,20.0,459,452,0.5,46.0,20.7,6.7,131,0.7,0.8,0.9,2,10
sindresorhus,pretty-ms,992.0,68.0,0.9,56.5,3.9,1.3,26,9,1.0,23.6,12.2,1.5,12,0.7,2.4,1.4,5,6
liady,webpack-node-externals,1289.0,68.0,0.5,119.0,75.0,1.7,126,8,0.7,176.7,80.8,1.5,27,0.5,2.5,1.4,0,0
taylorhakes,promise-polyfill,2145.0,325.0,1.0,78.2,17.4,1.6,56,4,1.0,43.8,22.2,1.8,27,0.6,2.7,1.6,1,0
angular,angular,93800.0,24482.0,0.4,3.5,2.4,125.0,312,264,0.0,3.9,4.0,125.0,97,0.1,1.4,0.0,0,10
steveukx,git-js,3347.0,317.0,0.9,95.1,41.4,4.9,344,205,1.0,35.2,15.8,4.3,61,0.9,2.3,0.8,0,7
rollup,rollup-pluginutils,45.0,17.0,1.0,227.4,67.5,1.4,35,1,1.0,35.2,23.1,1.8,16,0.8,3.8,1.5,1,0
react-component,util,590.0,169.0,0.5,99.5,38.2,1.5,58,2,0.9,37.9,3.7,5.9,53,0.4,1.3,2.2,2,8
medikoo,cli-color,665.0,42.0,0.9,139.2,0.7,1.2,14,5,1.0,31.6,0.8,1.0,8,0.6,3.2,6.5,0,0
d3,d3-selection,551.0,305.0,1.0,64.9,19.3,3.1,145,4,0.9,67.0,37.5,1.7,24,0.4,2.5,1.7,5,0
mysticatea,npm-run-all,5591.0,240.0,0.5,58.1,39.5,2.3,248,66,0.8,41.1,4.3,1.5,45,0.5,3.3,2.6,2,0
kangax,html-minifier,4874.0,568.0,0.6,45.2,20.7,5.3,352,33,0.9,25.8,12.7,4.9,104,0.8,1.9,2.7,3,0
istanbuljs,nyc,5503.0,346.0,0.4,145.7,62.1,7.0,568,182,0.9,11.9,11.3,6.8,116,0.8,2.1,2.4,5,0
alexgorbatchev,crc,335.0,73.0,0.9,175.3,73.4,1.3,34,0,1.0,130.8,37.6,1.3,21,0.7,3.0,2.1,5,0
segmentio,is-url,163.0,42.0,0.2,2.0,142.3,1.2,16,0,0.9,182.0,90.6,1.3,14,0.4,2.2,3.2,3,0
expressjs,cookie-parser,1901.0,225.0,0.9,16.0,12.7,1.1,30,20,0.8,15.3,3.8,1.2,21,0.2,3.2,2.7,0,0
kevva,decompress,408.0,54.0,0.5,69.1,113.5,1.5,108,4,0.8,95.3,22.1,1.4,24,0.4,2.5,2.8,1,0
nodemailer,nodemailer,16256.0,1333.0,0.4,37.5,24.5,9.3,486,110,1.0,6.6,3.2,2.1,56,0.8,1.0,1.1,2,10
stylus,stylus,11157.0,1120.0,0.2,169.0,56.4,5.3,346,185,0.6,52.6,33.4,4.6,140,0.8,0.6,1.1,4,3
codemirror,basic-setup,54.0,23.0,,,,,0,0,1.0,0.0,0.0,1.3,3,0.0,N/A,3.0,0,0
hapijs,hoek,482.0,171.0,1.0,31.1,519.1,3.0,97,195,1.0,18.3,958.4,2.4,39,0.9,2.8,2.1,5,4
gulpjs,fancy-log,117.0,21.0,1.0,129.4,33.3,1.2,15,3,1.0,21.4,11.2,1.2,8,0.6,2.6,3.2,0,0
vuejs,vue-loader,4971.0,903.0,0.2,25.5,21.7,7.9,533,56,0.8,35.5,15.5,6.8,174,0.8,0.8,1.0,2,10
chartjs,Chart.js,63063.0,11842.0,0.3,23.3,12.9,26.3,428,495,0.1,7.1,4.5,17.9,96,0.9,1.4,0.2,10,10
react-dropzone,react-dropzone,10199.0,776.0,0.5,40.2,16.1,6.8,809,247,1.0,25.2,4.1,5.2,251,0.7,2.5,3.5,3,0
Automattic,cli-table,2265.0,139.0,0.9,1217.1,166.5,1.4,98,1,0.9,332.6,146.1,2.0,65,0.6,3.0,2.2,2,0
dreamerslab,node.inflection,537.0,48.0,0.8,91.0,59.4,1.4,34,0,0.9,102.6,66.3,1.2,15,0.8,1.9,1.5,0,1
nock,nock,12467.0,728.0,0.4,79.5,24.2,7.6,321,326,0.3,20.4,26.9,9.6,68,0.7,2.0,0.7,6,10
vuejs,vue,206461.0,33558.0,0.4,20.5,10.4,16.1,401,40,0.2,35.5,20.3,14.7,119,0.2,0.9,0.1,1,10
node-cache,node-cache,2171.0,139.0,0.7,186.3,50.4,2.1,181,87,0.8,73.6,25.8,2.0,28,0.6,2.9,1.1,1,0
NMFR,optimize-css-assets-webpack-plugin,1158.0,69.0,0.8,73.5,59.9,2.7,173,1,0.7,41.5,39.5,1.7,12,0.5,3.0,0.9,2,0
jsdoc,jsdoc,14620.0,1420.0,0.1,222.0,158.9,6.2,418,36,0.9,114.6,46.4,3.7,204,0.5,0.5,1.7,0,10
standard,eslint-config-standard,2540.0,571.0,0.9,64.5,21.8,1.7,151,22,1.0,47.4,29.0,3.7,74,0.7,5.0,1.8,-1,10
geraintluff,tv4,1160.0,189.0,0.5,60.5,36.2,3.3,138,13,0.8,100.8,40.7,2.1,41,0.7,2.9,2.1,2,0
inxilpro,node-app-root-path,602.0,32.0,0.8,131.0,122.1,1.2,53,1,0.8,80.9,99.6,1.1,16,0.7,3.0,1.8,2,0
localForage,localForage,24024.0,1257.0,0.4,54.4,31.4,4.8,456,149,0.9,56.7,13.3,4.3,166,0.8,2.7,3.5,4,0
indexzero,node-pkginfo,161.0,26.0,0.7,284.0,299.8,1.1,8,0,0.9,382.9,275.7,1.2,6,0.4,1.0,1.2,2,0
preactjs,preact,35832.0,1914.0,0.4,58.8,13.3,11.6,449,209,0.2,10.9,2.4,17.9,77,0.8,1.7,0.6,10,10
tdegrunt,jsonschema,1790.0,256.0,0.8,375.0,107.7,2.3,199,67,0.9,176.3,110.4,1.9,64,0.7,3.0,2.1,2,0
vuejs,eslint-plugin-vue,4332.0,639.0,0.3,45.5,11.7,15.2,287,260,0.5,11.7,10.3,11.6,102,0.9,0.9,0.4,8,10
vuejs,router,3533.0,1091.0,0.6,9.0,3.2,16.1,340,75,0.4,17.7,5.1,14.3,76,0.5,1.3,0.6,6,10
simov,slugify,1418.0,125.0,0.8,140.2,21.3,1.7,90,26,0.8,32.0,33.3,1.8,40,0.6,3.5,1.5,5,0
karma-runner,karma,11906.0,1704.0,0.2,56.3,17.7,6.9,479,67,0.3,25.2,6.4,7.6,138,0.8,0.8,1.2,5,1
Unitech,pm2,40361.0,2553.0,0.0,59.5,59.9,16.1,451,6,0.5,104.4,18.5,5.5,172,0.6,0.1,0.8,1,3
gulpjs,liftoff,836.0,59.0,0.9,136.6,37.8,1.6,37,0,1.0,83.9,27.9,2.1,23,0.5,4.2,3.4,0,0
krisk,Fuse,17235.0,810.0,0.9,237.5,83.2,5.2,524,422,1.0,130.5,25.4,2.2,131,0.6,2.6,1.6,0,1
timoxley,columnify,425.0,36.0,0.4,111.0,76.1,1.4,24,1,0.8,114.8,19.8,1.7,11,0.5,2.0,1.5,3,0
stylelint,stylelint-config-standard,1356.0,123.0,1.0,16.6,3.3,1.8,70,29,1.0,2.7,1.2,3.0,19,0.8,4.0,0.7,4,10
coopernurse,node-pool,2352.0,270.0,0.7,189.8,104.3,1.9,135,45,0.9,80.8,55.6,1.9,75,0.7,3.0,2.3,5,0
standard-things,esm,5253.0,149.0,0.6,8.7,6.3,8.8,369,422,1.0,26.9,12.3,4.0,21,0.4,3.3,1.5,0,0
ogt,valid-url,215.0,26.0,0.2,0.5,320.8,1.5,12,2,0.8,240.6,309.1,1.4,3,0.9,1.5,1.2,1,0
tleunen,babel-plugin-module-resolver,3419.0,217.0,0.6,68.9,33.6,3.4,412,42,1.0,19.2,1.7,4.0,48,0.7,5.0,2.4,5,0
mathisonian,command-exists,140.0,22.0,0.4,169.7,93.1,1.1,16,1,0.7,15.7,19.4,1.4,7,1.0,2.4,1.7,1,0
kevva,download,1269.0,205.0,0.7,43.3,64.9,2.3,124,9,0.8,30.0,12.9,1.5,54,0.4,2.4,2.8,2,0
TooTallNate,node-plist,493.0,127.0,0.7,290.0,70.3,1.4,64,14,0.9,264.6,112.2,1.5,48,0.5,3.5,2.4,6,0
d3,d3,107322.0,22920.0,0.2,21.0,4.2,6.5,280,4,0.4,84.4,34.7,5.4,210,0.3,0.5,0.9,5,3
karma-runner,karma-chrome-launcher,464.0,128.0,0.6,133.5,77.6,2.0,390,34,0.8,67.1,47.5,2.2,68,0.5,4.9,1.8,4,0
SamVerschueren,listr,3249.0,128.0,0.5,44.3,69.9,2.3,101,35,0.9,192.4,18.1,1.5,31,0.6,3.7,3.3,3,0
sass,node-sass,8472.0,1325.0,0.4,17.9,8.4,8.6,618,145,0.5,61.1,21.0,5.7,224,0.5,1.7,1.4,5,4
ladjs,consolidate,7.0,1.0,,,,,0,0,1.0,0.0,0.0,1.5,3,1.0,N/A,1.3,5,4
webpack-contrib,stylus-loader,499.0,102.0,1.0,560.4,177.6,2.4,199,6,1.0,40.4,19.5,3.4,56,0.9,3.2,1.5,6,9
yeikos,js.merge,176.0,44.0,0.7,270.3,104.9,1.1,29,1,0.9,394.9,276.7,1.2,12,0.1,1.8,1.0,0,0
expressjs,session,6142.0,968.0,0.9,67.6,15.0,4.4,553,393,0.9,54.2,14.2,2.9,181,0.2,4.9,3.8,1,10
react-bootstrap,react-bootstrap,22138.0,3572.0,0.1,43.6,7.2,14.3,418,359,0.1,18.3,11.1,13.9,85,0.9,0.4,0.1,5,10
stylelint-scss,stylelint-scss,848.0,92.0,0.7,109.3,24.1,3.7,190,153,0.8,17.0,8.7,7.6,45,0.9,3.2,0.9,7,10
palantir,tslint,5912.0,892.0,0.2,100.2,35.3,20.0,356,442,0.2,58.0,11.6,14.3,268,0.8,0.6,0.7,5,0
bvaughn,react-virtualized,25773.0,3067.0,0.1,109.7,99.1,7.5,675,31,0.7,30.7,13.4,6.3,311,0.8,0.8,2.3,3,0
xmldom,xmldom,309.0,86.0,0.8,258.2,72.0,3.8,93,121,1.0,21.6,8.8,9.8,44,0.9,4.1,1.7,-1,10
gulpjs,plugin-error,20.0,14.0,0.6,132.0,222.0,1.6,9,0,1.0,162.5,77.7,1.5,9,0.6,2.8,2.1,1,0
Automattic,mongoose,26469.0,3766.0,0.0,16.3,4.4,41.7,295,434,0.1,2.6,2.7,50.0,36,0.9,0.1,0.1,4,10
karma-runner,karma-jasmine,542.0,163.0,0.8,84.3,42.0,2.3,222,33,0.9,103.5,31.7,2.6,90,0.6,3.5,2.4,7,0
jaredhanson,passport,22284.0,1221.0,0.3,213.9,106.7,4.7,728,38,0.8,180.5,19.3,1.7,145,0.4,1.7,2.9,0,0
jinder,path,127.0,81.0,0.4,48.5,87.2,1.1,10,0,0.5,9.0,0.0,1.2,4,0.7,1.4,0.8,1,0
chjj,blessed,11103.0,514.0,0.4,121.2,98.8,3.6,265,0,0.5,313.4,260.4,1.7,52,0.3,2.6,1.6,0,0
Pomax,react-onclickoutside,1814.0,189.0,0.8,38.2,8.3,3.3,253,35,1.0,198.8,31.3,2.5,100,0.5,4.0,3.2,2,0
mariocasciaro,object-path,1043.0,94.0,0.7,130.7,9.5,1.7,40,13,0.8,13.6,0.7,1.6,16,0.8,3.2,2.5,2,0
SheetJS,sheetjs,34279.0,8004.0,0.2,55.0,28.9,16.1,388,28,1.0,165.4,87.5,2.9,176,0.3,0.6,2.0,2,0
jaredhanson,passport-strategy,112.0,30.0,0.4,0.7,17.4,1.3,6,0,0.3,268.1,0.0,1.0,1,0.5,1.4,0.7,0,0
gulpjs,vinyl-fs,962.0,168.0,1.0,166.5,35.2,2.8,146,23,1.0,34.6,6.4,3.0,64,0.7,5.5,6.2,1,0
oclif,config,24.0,37.0,0.7,37.3,23.0,1.8,27,16,1.0,28.8,11.0,5.5,45,0.6,1.7,1.5,0,0
SeleniumHQ,selenium,28910.0,7863.0,0.4,9.0,0.3,71.4,373,481,0.1,9.2,2.2,62.5,90,0.8,3.3,0.3,0,10
wnr,element-resize-detector,1304.0,116.0,1.0,56.0,21.8,1.9,60,0,1.0,23.4,11.2,1.5,20,0.5,3.0,2.2,2,0
browserify,browserify,14499.0,1185.0,0.3,158.0,63.9,5.6,378,43,0.9,72.6,38.1,5.6,266,0.4,1.3,2.4,1,0
mathiasbynens,base64,498.0,103.0,0.6,188.1,38.0,1.1,11,0,0.4,149.7,484.0,1.2,3,0.0,1.4,1.2,0,0
mscdex,ssh2,5377.0,693.0,0.4,99.4,9.8,9.1,385,221,0.8,116.0,24.9,1.8,74,0.3,1.5,2.9,0,10
airbnb,enzyme,19980.0,2017.0,0.2,54.6,19.3,9.8,797,274,0.6,56.1,13.0,7.8,278,0.8,1.7,2.3,1,10
epeli,underscore.string,3370.0,420.0,0.7,144.2,95.3,3.4,201,30,0.8,151.5,36.0,3.6,111,0.7,2.5,1.9,0,0
sindresorhus,user-home,161.0,13.0,1.0,0.0,0.0,1.0,2,0,1.0,2.0,0.0,1.3,4,0.8,1.5,2.0,0,0
angular,components,24011.0,6632.0,0.3,11.5,9.0,55.6,298,493,0.0,3.7,N/A,71.4,0,0.9,1.1,2.0,10,10
vuejs,vue-style-loader,225.0,68.0,0.5,91.5,82.4,1.2,63,0,0.7,20.1,3.0,1.4,24,0.6,2.7,1.9,2,0
stevemao,left-pad,1277.0,145.0,0.9,73.4,25.6,1.9,85,1,0.8,21.6,15.6,2.5,31,0.6,12.5,2.7,6,0
remarkjs,react-markdown,11956.0,839.0,0.8,114.0,38.1,7.4,566,402,1.0,56.9,26.4,2.4,113,0.6,3.2,3.5,0,10
Hacker0x01,react-datepicker,7755.0,2200.0,0.1,132.9,80.8,15.2,473,117,0.2,9.6,2.1,27.8,54,0.8,0.4,0.3,10,10
nfl,react-helmet,17188.0,707.0,0.6,83.1,46.1,4.3,889,65,0.8,39.5,4.5,4.2,177,0.7,4.4,2.3,4,0
node-js-libs,cli,804.0,77.0,0.7,29.4,81.0,1.5,40,0,0.8,68.4,56.8,1.6,16,0.8,1.4,1.1,2,0
koajs,compose,995.0,145.0,0.9,191.8,55.8,1.7,42,5,0.9,109.1,7.0,2.3,49,0.4,4.1,3.7,1,0
http-party,http-server,13199.0,1453.0,0.8,424.5,121.2,4.3,818,156,0.9,280.3,118.3,2.9,323,0.5,4.2,2.9,2,0
ethereumjs,ethereumjs-monorepo,2439.0,676.0,0.4,78.0,16.6,15.2,129,480,0.2,7.2,0.5,45.5,28,0.9,1.8,0.7,10,10
dcodeIO,bcrypt.js,3399.0,253.0,0.7,104.4,52.1,1.6,168,13,0.7,72.3,47.5,1.2,21,0.6,2.8,1.7,4,0
goto100,xpath,214.0,70.0,0.9,246.9,50.2,1.7,65,12,0.9,92.2,95.0,1.8,18,0.8,2.5,1.9,3,10
hapijs,boom,2929.0,194.0,1.0,17.3,314.7,2.2,114,167,1.0,15.2,586.4,1.9,47,0.8,3.5,2.3,6,0
request,request-promise,4767.0,300.0,0.8,114.6,41.8,3.8,442,27,0.9,69.5,7.4,1.6,38,0.5,4.2,3.1,2,0
expressjs,errorhandler,421.0,62.0,1.0,13.9,0.1,1.2,13,8,1.0,16.9,3.0,1.3,9,0.0,4.1,4.5,0,0
react-icons,react-icons,10862.0,709.0,0.6,225.3,92.4,6.0,736,193,0.9,134.0,59.0,3.2,165,0.6,2.6,1.8,2,10
apostrophecms,sanitize-html,3552.0,397.0,1.0,263.6,49.8,3.4,362,195,1.0,73.2,26.1,3.0,89,0.8,3.8,2.1,8,10
react-dnd,react-dnd,20304.0,1955.0,0.1,25.7,62.0,10.4,640,5,0.3,17.1,10.8,12.8,53,0.3,0.6,0.3,1,0
mishoo,UglifyJS2,,,0.1,25.7,62.0,10.4,640,5,0.3,17.1,10.8,12.8,53,0.3,0.6,0.1,0,0
zenorocha,clipboard.js,33727.0,4001.0,0.8,90.4,31.9,5.6,545,103,1.0,57.3,26.8,3.4,104,0.5,2.5,2.3,6,0
reactjs,react-modal,7308.0,831.0,0.6,71.1,28.5,5.6,743,239,0.9,62.5,13.7,4.5,260,0.7,3.8,3.7,6,10
medialize,URI.js,6249.0,553.0,0.8,43.6,10.8,3.0,236,122,0.7,49.9,8.3,2.6,71,0.6,3.7,2.0,0,0
sindresorhus,tildify,91.0,10.0,0.7,10.5,0.6,1.0,2,0,1.0,17.0,23.8,1.3,3,0.6,2.0,1.4,1,0
apollographql,apollo-link,1436.0,355.0,0.5,84.9,39.1,9.5,668,93,0.4,30.5,2.9,18.5,86,0.8,4.0,0.7,0,0
winstonjs,winston-daily-rotate-file,851.0,151.0,0.8,51.6,25.6,3.3,301,29,1.0,45.0,30.2,1.7,52,0.7,3.4,2.7,3,5
facebook,react-native,114896.0,23763.0,0.3,7.1,1.1,83.3,795,494,0.3,2.6,0.2,166.7,54,0.0,2.5,0.1,10,10
75lb,command-line-args,674.0,109.0,0.9,34.3,27.7,1.9,73,39,1.0,32.2,9.2,1.3,11,0.6,3.2,2.9,1,0
naugtur,xhr,809.0,108.0,0.9,99.2,10.7,2.2,63,15,1.0,71.9,19.7,1.8,52,0.7,4.5,3.9,4,0
sidorares,node-mysql2,3848.0,583.0,0.3,54.7,17.7,10.9,445,115,0.4,5.7,2.5,31.2,60,0.7,2.0,0.7,3,10
vuejs,vue-hot-reload-api,466.0,52.0,0.5,32.4,49.6,1.4,47,2,0.6,23.0,35.2,1.4,6,0.8,2.1,0.4,2,0
vuejs,vuex,28334.0,9551.0,0.4,45.9,22.9,7.6,471,106,0.5,68.3,51.7,7.2,185,0.6,1.2,0.7,4,0
prettymuchbryce,http-status-codes,947.0,104.0,0.8,255.7,93.1,1.3,30,11,0.7,110.4,43.7,1.5,26,0.5,2.3,1.7,2,0
kelektiv,node-cron,8138.0,610.0,0.9,311.7,100.4,4.3,547,54,0.9,50.5,16.6,3.2,73,0.8,3.1,1.5,0,10
jasmine,jasmine-npm,374.0,141.0,1.0,97.2,16.6,2.3,154,41,1.0,79.4,21.5,1.7,35,0.7,4.0,1.6,0,0
parshap,node-sanitize-filename,330.0,55.0,0.7,75.1,38.9,1.2,17,2,0.7,53.1,25.0,1.4,20,0.4,2.9,1.5,2,0
mui-org,material-ui,90971.0,31117.0,0.2,10.8,4.7,100.0,321,500,0.4,3.7,0.0,166.7,57,0.9,1.3,0.0,9,10
knex,knex,18536.0,2065.0,0.1,42.3,45.5,17.9,387,18,0.4,24.6,7.1,17.9,145,0.6,0.8,0.5,6,10
sequelize,sequelize,28921.0,4237.0,0.3,24.9,9.7,25.0,275,445,0.4,3.1,6.8,83.3,24,0.9,1.3,0.0,5,10
react-component,slider,2995.0,750.0,0.5,70.6,53.7,5.6,603,55,0.9,51.3,15.2,4.6,157,0.5,2.3,3.0,1,10
trentm,node-bunyan,7117.0,515.0,0.5,167.8,75.6,4.1,610,153,0.7,210.2,117.8,2.4,154,0.4,3.2,1.9,2,0
nashwaan,xml-js,1232.0,185.0,0.4,90.9,114.8,2.2,151,0,0.4,88.3,118.7,1.6,17,0.7,2.6,0.5,3,0
websockets,bufferutil,124.0,45.0,1.0,70.2,24.1,1.9,160,3,1.0,15.5,7.4,2.0,12,0.9,5.3,0.7,0,3
firebase,firebase-js-sdk,4691.0,855.0,0.1,27.5,4.1,31.2,616,497,0.4,9.6,0.0,41.7,43,0.8,0.9,0.3,8,10
hudochenkov,stylelint-order,891.0,66.0,0.9,74.3,16.2,2.2,121,23,0.9,17.4,16.0,1.5,16,0.6,3.5,1.8,1,7
googleapis,google-api-nodejs-client,11090.0,1885.0,0.2,50.6,33.4,11.9,301,465,0.4,7.0,3.2,11.9,37,0.7,0.5,2.6,10,10
FortAwesome,Font-Awesome,72834.0,12178.0,0.2,10.8,7.5,38.5,225,361,0.7,112.2,44.4,4.8,263,0.4,0.7,1.6,3,10
webpack-contrib,eslint-loader,1059.0,133.0,1.0,121.3,29.4,3.2,331,12,1.0,20.6,2.9,2.6,82,0.7,4.5,3.5,0,0
ciaranj,node-oauth,2435.0,676.0,0.5,164.7,128.4,1.9,207,0,0.6,513.1,173.5,2.3,167,0.4,3.0,1.8,2,0
webpack-contrib,html-loader,1160.0,208.0,1.0,219.9,67.6,2.6,272,39,1.0,26.5,4.7,3.7,82,0.9,4.3,2.0,9,10
npm,security-holder,148.0,51.0,,,,,0,0,0.7,657.5,566.4,1.4,4,0.6,N/A,0.3,5,0
pugjs,pug,21470.0,1954.0,0.3,51.6,31.7,6.2,389,72,0.6,50.0,20.1,5.2,175,0.7,1.1,1.4,5,0
typeorm,typeorm,32990.0,6133.0,0.0,38.2,21.4,50.0,346,480,0.2,45.2,24.1,23.8,248,0.6,0.1,0.3,7,10
yiminghe,async-validator,8681.0,756.0,0.4,251.2,102.8,2.9,314,0,1.0,32.7,12.1,1.9,29,0.7,1.8,1.4,2,0
formatjs,formatjs,14016.0,1341.0,0.3,21.0,8.7,12.8,386,430,0.4,19.3,17.9,21.7,54,0.4,1.0,0.2,2,10
flitbit,diff,2941.0,251.0,0.7,231.1,110.2,1.8,111,39,0.9,65.1,44.0,1.6,27,0.7,2.2,1.0,2,0
driverdan,node-XMLHttpRequest,416.0,310.0,0.3,161.4,141.9,1.5,92,3,0.6,261.6,259.3,1.6,56,0.6,1.4,1.2,4,0
gulpjs,gulp,32862.0,4242.0,0.3,16.2,6.7,6.4,425,84,0.7,19.4,7.7,5.4,203,0.6,0.8,1.8,6,0
roryrjb,md5-file,210.0,20.0,0.9,113.0,20.2,1.3,19,2,1.0,36.5,4.7,1.6,7,0.8,3.6,2.6,3,0
mathiasbynens,utf8.js,547.0,129.0,0.4,87.4,137.4,1.0,34,0,0.6,313.6,0.1,1.3,15,0.0,2.9,3.0,0,0
firebase,firebase-admin-node,1563.0,344.0,0.4,43.5,3.2,10.6,765,487,0.3,8.9,14.6,23.8,45,0.7,2.6,0.2,10,10
59naga,babel-plugin-add-module-exports,731.0,54.0,0.7,72.4,55.8,2.2,62,25,0.6,87.9,99.2,1.8,15,0.5,3.9,1.2,0,0
75lb,command-line-usage,201.0,36.0,0.9,47.3,42.5,1.3,21,12,1.0,13.6,2.0,1.1,4,0.4,3.2,2.8,0,0
jimp-dev,jimp,13284.0,754.0,0.4,406.4,154.7,7.0,580,264,1.0,91.4,81.5,5.0,152,0.8,2.1,1.9,0,0
mapbox,node-pre-gyp,1098.0,310.0,0.6,75.9,49.8,4.0,464,1,0.9,123.2,48.7,2.8,166,0.6,3.1,2.7,9,0
kelektiv,node.bcrypt.js,7254.0,497.0,0.6,71.8,15.1,5.3,1100,34,1.0,50.1,10.2,1.8,139,0.7,2.8,3.2,4,5
enzymejs,enzyme,19980.0,2017.0,0.2,54.6,19.3,9.8,797,274,0.6,56.1,13.0,7.8,278,0.8,1.7,2.3,1,10
ant-design,ant-design,89496.0,44592.0,0.0,2.2,0.6,125.0,292,483,0.4,0.8,0.0,125.0,46,0.8,0.0,0.2,10,10
lit,lit,17193.0,856.0,0.2,43.5,14.2,23.8,248,57,0.4,7.3,0.0,38.5,55,0.9,0.6,0.7,10,10
Automattic,node-canvas,9787.0,1127.0,0.2,54.9,33.0,14.3,690,273,0.8,60.9,24.5,4.4,264,0.8,0.8,3.7,6,9
mattyork,fuzzy,826.0,88.0,0.3,55.6,144.9,1.5,22,5,0.6,80.8,35.5,1.4,12,0.8,1.2,1.4,2,0
casesandberg,react-color,11801.0,895.0,0.6,79.7,49.3,5.4,690,139,0.9,45.1,44.0,4.7,141,0.7,2.4,1.0,4,0
cryptocoinjs,bs58,200.0,43.0,0.9,88.9,7.7,1.0,11,5,1.0,32.9,2.5,1.7,9,0.9,2.8,2.1,7,0
shouldjs,should.js,1902.0,131.0,0.9,27.4,3.4,2.9,98,23,0.9,3.9,1.7,1.7,11,0.8,3.2,1.2,2,0
anseki,readline-sync,797.0,61.0,1.0,6.4,0.3,1.6,87,0,1.0,1.3,0.5,1.0,7,0.2,5.6,2.6,0,0
quilljs,quill,38477.0,3138.0,0.1,368.2,182.9,14.3,380,53,0.6,105.3,60.8,5.7,204,0.6,0.3,1.0,1,10
substack,brfs,559.0,68.0,0.7,285.4,108.6,1.7,119,2,0.9,85.8,49.0,1.2,22,0.4,3.5,1.6,1,0
domenic,chai-as-promised,1416.0,115.0,0.9,54.7,16.0,2.6,246,8,0.9,38.4,10.7,1.5,39,0.2,3.6,2.8,1,0
oclif,command,136.0,44.0,0.8,150.5,95.4,1.5,36,8,1.0,27.7,17.0,6.0,21,0.5,2.4,1.4,0,0
dylang,shortid,5740.0,276.0,0.9,172.7,41.2,1.9,135,0,1.0,180.0,81.5,1.5,10,0.5,3.5,1.3,1,0
jonschlinkert,gray-matter,3699.0,130.0,0.6,169.8,104.2,1.6,90,17,0.7,157.9,98.2,1.5,43,0.5,2.6,2.3,4,0
timoxley,keycode,454.0,62.0,0.6,167.3,49.3,1.1,16,0,0.8,42.7,29.6,1.3,17,0.9,1.4,1.8,4,0
node-config,node-config,6171.0,481.0,0.9,134.4,25.3,3.7,455,68,1.0,173.6,31.1,2.4,148,0.7,4.7,4.2,4,0
cujojs,when,3442.0,406.0,0.8,63.0,16.2,5.2,179,57,1.0,48.8,15.0,3.0,61,0.8,6.6,3.6,3,0
hammerjs,hammer.js,23861.0,2633.0,0.2,131.7,76.2,5.4,626,77,0.9,104.3,101.5,3.4,117,0.5,1.4,1.7,1,0
oclif,cli-ux,548.0,46.0,0.4,43.6,39.7,2.0,32,8,1.0,30.1,22.6,9.1,31,0.5,1.4,1.2,2,0
webpack,json-loader,438.0,82.0,0.9,169.8,27.9,1.6,78,9,0.9,67.2,33.2,1.6,33,0.7,4.5,2.9,1,0
necolas,normalize.css,51608.0,10741.0,0.9,75.1,22.3,3.8,559,87,0.9,61.9,20.6,3.3,279,0.2,4.2,2.7,3,0
mrdoob,three.js,97767.0,34957.0,0.4,6.8,1.2,41.7,268,400,0.4,1.4,0.9,100.0,71,0.9,2.2,0.1,2,10
standard,eslint-plugin-standard,123.0,22.0,1.0,177.9,41.9,1.2,23,2,1.0,33.8,9.8,1.4,13,0.9,4.7,3.4,2,0
mobxjs,mobx,27068.0,1749.0,0.2,31.5,2.6,9.6,406,442,0.4,13.2,0.5,10.0,116,0.9,1.3,1.1,6,10
amqp-node,amqplib,3603.0,480.0,0.9,499.3,70.3,4.6,538,16,0.9,132.6,67.5,2.1,108,0.7,4.0,2.7,3,6
imagemin,imagemin,5476.0,276.0,0.8,61.9,43.1,3.7,459,26,1.0,158.7,75.6,1.3,54,0.5,3.5,2.4,2,0
redux-saga,redux-saga,22501.0,1994.0,0.3,287.0,68.3,7.8,558,94,0.6,63.2,11.8,6.4,116,0.7,1.2,1.3,2,0
adamwdraper,Numeral-js,9574.0,926.0,0.5,394.3,166.2,3.6,526,35,0.6,213.9,118.6,4.3,133,0.5,2.4,0.7,1,0
intlify,vue-i18n-next,1796.0,275.0,0.8,37.0,19.4,11.6,589,384,0.5,14.0,11.9,17.2,23,0.8,3.3,0.2,1,10
node-schedule,node-schedule,8976.0,509.0,0.7,108.9,45.1,3.8,554,42,0.9,56.0,47.5,3.1,73,0.5,3.6,2.1,2,0
mysqljs,mysql,18117.0,2492.0,0.2,53.0,22.7,9.8,413,321,0.9,101.1,9.6,3.3,294,0.3,0.8,5.1,2,0
babel,babel-preset-env,3502.0,192.0,1.0,52.2,9.2,15.6,257,172,1.0,12.7,3.6,14.9,66,0.9,4.9,2.3,5,0
rollup,rollup-plugin-babel,705.0,87.0,1.0,110.6,45.3,4.8,346,17,1.0,50.5,26.1,2.3,40,0.8,4.3,2.3,2,0
babel,babelify,1680.0,127.0,1.0,98.2,36.9,4.0,340,12,0.9,51.5,38.2,2.0,49,0.6,4.4,2.3,2,0
lodash,babel-plugin-lodash,1958.0,112.0,0.9,9.0,6.2,2.8,131,132,0.9,17.0,6.3,3.3,49,0.6,3.3,1.5,1,0
akiran,react-slick,11456.0,2075.0,0.1,127.5,70.7,9.6,530,30,0.6,146.8,102.3,6.2,404,0.4,0.5,1.2,0,10
FortAwesome,react-fontawesome,3636.0,259.0,0.7,66.0,28.8,5.0,586,13,0.9,111.2,86.7,3.8,53,0.5,4.1,1.4,2,1
gulpjs,gulp-util,830.0,104.0,1.0,82.4,1.4,1.9,78,2,1.0,34.2,3.5,2.2,38,0.6,4.3,3.0,3,0
chancejs,chancejs,6366.0,453.0,0.6,151.3,76.9,2.6,160,4,0.8,60.8,17.9,3.3,107,0.9,2.5,1.5,7,0
ardatan,graphql-tools,5270.0,792.0,0.3,54.6,18.2,11.4,339,94,0.4,1.9,0.0,62.5,16,1.0,1.4,0.3,3,10
rstacruz,nprogress,25804.0,1816.0,0.3,219.9,124.9,2.1,220,0,0.7,341.3,113.8,1.9,88,0.5,2.4,1.8,1,0
theturtle32,WebSocket-Node,3708.0,623.0,0.8,76.9,45.8,2.8,233,40,0.9,88.5,79.2,1.8,59,0.7,3.2,2.8,5,1
acdlite,recompose,14787.0,1264.0,0.9,43.1,7.2,7.8,483,20,0.9,36.2,17.2,6.4,168,0.7,4.5,2.9,6,0
cryptocoinjs,secp256k1-node,330.0,137.0,0.9,106.2,22.0,1.9,90,63,1.0,6.9,3.6,2.2,20,0.8,4.2,2.9,0,0
facebook,draft-js,22546.0,2645.0,0.1,59.0,45.8,10.9,489,60,0.3,34.5,18.3,16.1,44,0.0,0.6,0.4,10,0
jrburke,r.js,2567.0,698.0,0.5,61.4,39.3,6.1,319,0,0.9,88.6,19.4,2.4,81,0.5,1.3,2.4,0,0
broofa,node-uuid,270.0,35.0,,,,,0,0,1.0,0.1,0.1,1.0,1,0.0,N/A,1.0,0,0
rafeca,prettyjson,478.0,59.0,0.5,444.6,199.4,1.3,19,0,0.8,313.7,50.4,1.3,16,0.8,1.2,1.2,4,0
Leaflet,Leaflet,39598.0,5718.0,0.1,16.8,9.5,17.9,355,400,0.4,6.8,8.1,29.4,72,0.8,0.3,0.2,9,10
webpack-contrib,uglifyjs-webpack-plugin,1381.0,202.0,1.0,24.2,5.0,7.5,379,88,1.0,10.7,2.0,6.0,59,0.7,6.6,3.4,1,0
abbr,deasync,929.0,74.0,0.6,30.4,62.9,2.1,187,2,0.8,28.3,58.7,1.5,23,0.7,2.7,1.5,2,0
dreamerslab,node.extend,128.0,21.0,1.0,156.9,0.8,1.1,8,0,1.0,78.5,201.7,2.1,5,0.8,2.3,0.8,0,0
theaqua,redux-logger,5743.0,346.0,,,,,0,0,0.9,85.2,19.1,4.2,75,0.6,N/A,2.0,4,0
expressjs,method-override,611.0,56.0,1.0,4.7,1.2,1.2,13,9,0.8,0.2,12.8,1.2,2,0.2,4.2,1.2,0,0
mokkabonna,inquirer-autocomplete-prompt,341.0,82.0,0.9,267.2,181.5,1.4,42,1,0.9,168.8,59.2,1.9,29,0.6,2.2,2.8,0,1
browserify,watchify,1783.0,203.0,0.9,86.3,31.5,3.7,368,40,0.9,66.8,26.5,2.9,100,0.4,4.3,3.1,4,0
Reactive-Extensions,RxJS,19511.0,2118.0,0.3,17.7,19.8,13.9,345,0,0.7,23.2,2.8,12.2,73,0.9,1.3,0.8,10,0
TryGhost,node-sqlite3,6012.0,790.0,0.3,231.3,83.6,7.9,662,202,0.9,160.1,56.3,3.1,234,0.6,1.1,2.9,10,0
jashkenas,coffeescript,16412.0,2069.0,0.1,27.2,12.0,6.9,244,280,0.4,23.3,8.1,8.5,92,0.9,0.8,2.0,6,4
jaredhanson,passport-local,2695.0,499.0,0.7,114.3,103.3,1.8,183,2,0.8,272.3,102.8,1.4,39,0.4,2.6,1.9,0,0
domenic,sinon-chai,1086.0,117.0,0.9,42.3,38.7,1.6,96,0,0.9,22.2,8.3,1.4,67,0.5,3.4,2.9,4,0
gotwarlost,istanbul,8681.0,840.0,0.3,119.1,56.8,6.5,804,34,0.8,123.8,8.3,3.4,241,0.6,2.1,3.5,6,0
gruntjs,grunt-cli,709.0,249.0,0.8,56.7,31.3,1.7,104,8,1.0,55.8,4.3,1.6,32,0.5,3.3,2.2,3,0
gruntjs,grunt,12247.0,1596.0,0.3,68.2,40.2,5.3,461,38,1.0,75.6,13.5,5.1,363,0.2,1.1,3.1,1,2
yeoman,generator,1176.0,314.0,0.6,127.9,32.0,5.3,358,221,0.7,12.0,8.2,5.4,89,0.7,2.5,1.4,1,1
BrowserSync,browser-sync,12080.0,751.0,0.1,157.6,83.7,6.5,611,12,0.9,59.9,36.2,3.5,157,0.6,0.7,2.4,1,6
facebook,flux,17384.0,3479.0,1.0,128.7,21.5,3.8,300,34,1.0,46.3,17.0,4.2,119,0.7,4.3,2.0,0,0
inversify,InversifyJS,10696.0,705.0,0.3,81.8,65.3,6.2,510,49,0.7,70.9,52.6,6.4,76,0.7,1.5,1.2,7,9
mqttjs,MQTT.js,8205.0,1382.0,0.4,295.3,102.6,8.9,535,166,0.8,101.1,21.5,5.3,158,0.8,1.7,2.2,1,10
babel,eslint-plugin-babel,390.0,78.0,1.0,394.1,160.2,2.1,117,10,1.0,70.0,31.4,2.7,57,0.5,2.9,2.2,4,0
electron,electron,110782.0,14655.0,0.0,9.8,4.7,100.0,333,471,0.4,3.0,2.0,125.0,47,0.9,0.1,0.0,10,10
mikeal,watch,1275.0,144.0,0.5,446.4,145.9,1.6,121,5,0.8,151.7,117.8,1.5,46,0.7,2.5,1.8,2,0
TooTallNate,keypress,354.0,63.0,0.4,515.6,236.7,1.1,28,0,0.6,657.1,77.9,1.1,7,0.2,2.1,1.5,1,0
hparra,gulp-rename,688.0,78.0,0.9,206.9,81.0,1.5,68,4,0.9,91.8,56.8,1.6,29,0.7,2.8,2.1,5,0
gulp-sourcemaps,gulp-sourcemaps,1098.0,123.0,0.9,73.6,41.5,4.2,408,74,1.0,67.2,11.9,2.1,49,0.5,4.1,3.5,5,0
apollographql,apollo-client,19152.0,2631.0,0.1,31.6,12.6,27.8,416,401,0.4,10.3,0.1,50.0,56,0.8,0.5,0.3,8,10
broccolijs,broccoli-funnel,66.0,37.0,0.9,67.5,7.9,1.7,56,3,0.9,34.9,46.0,2.4,22,0.8,5.4,1.4,1,0
patorjk,figlet.js,2444.0,161.0,0.7,210.9,46.3,1.4,52,2,1.0,93.9,58.3,2.1,15,0.9,3.0,1.1,3,0
andyearnshaw,Intl.js,1696.0,226.0,0.7,61.0,33.4,3.6,225,67,0.9,31.9,15.6,2.7,65,0.8,3.8,3.4,4,0
koajs,static,1134.0,119.0,1.0,91.8,51.8,1.9,103,13,1.0,32.5,29.3,2.1,29,0.3,2.8,1.5,2,0
apache,echarts,58389.0,19542.0,0.0,6.0,1.3,71.4,262,492,0.2,22.9,0.0,19.2,138,0.8,0.1,0.9,10,10
pksunkara,inflect,226.0,71.0,1.0,292.5,106.0,1.3,18,0,0.9,26.9,32.1,1.0,8,0.6,3.0,1.9,2,0
ericelliott,cuid,3303.0,133.0,1.0,261.1,30.5,1.5,85,24,0.9,173.1,65.0,2.8,24,0.6,3.6,1.1,4,0
yeoman,environment,124.0,76.0,1.0,307.9,88.9,2.0,82,63,1.0,20.3,24.2,5.0,37,0.7,3.4,0.8,0,10
flatiron,nconf,3851.0,253.0,0.5,266.0,92.6,2.4,268,22,0.9,145.1,75.4,2.3,94,0.6,2.7,1.8,4,0
kolodny,immutability-helper,5156.0,200.0,1.0,70.2,18.2,2.8,117,1,1.0,20.4,0.1,1.7,19,0.8,3.2,4.6,4,0
josdejong,mathjs,13905.0,1214.0,0.3,116.1,5.4,11.6,275,404,0.4,22.7,9.3,10.9,96,0.6,1.4,1.5,2,10
broccolijs,broccoli-merge-trees,27.0,35.0,0.9,236.0,36.9,1.4,34,2,0.8,55.2,47.8,1.9,18,0.6,4.2,2.5,3,0
flatiron,prompt,1877.0,181.0,0.6,298.2,156.1,1.9,155,34,1.0,120.0,66.6,1.6,57,0.6,2.6,2.3,6,0
jaredhanson,passport-oauth2,589.0,338.0,0.4,205.7,108.5,1.6,149,9,0.7,239.8,49.9,1.6,56,0.4,2.1,3.0,0,3
ForbesLindesay,sync-request,326.0,48.0,0.7,98.1,34.1,1.9,85,12,0.9,15.3,15.4,1.4,8,0.7,2.2,1.1,1,0
ljharb,tape,5753.0,343.0,0.9,299.2,52.6,3.2,373,107,1.0,144.1,37.2,2.5,138,0.6,5.8,3.6,0,10
koajs,bodyparser,1288.0,120.0,1.0,207.7,94.9,1.6,111,4,1.0,66.4,66.5,1.6,26,0.6,2.8,1.3,4,0
jashkenas,backbone,28077.0,5409.0,0.2,148.4,38.6,6.8,372,398,0.3,112.0,38.1,7.8,203,0.6,0.8,1.0,5,10
typicode,lowdb,20649.0,892.0,1.0,224.2,48.8,4.0,463,6,1.0,79.5,65.4,2.2,38,0.5,2.9,1.6,0,10
ember-cli,ember-cli-htmlbars,77.0,67.0,0.8,112.7,31.0,1.8,72,4,0.7,33.3,28.1,10.6,26,0.7,3.5,0.4,3,10
mozilla,nunjucks,8409.0,634.0,0.3,83.9,48.3,5.5,367,39,0.9,64.5,11.7,4.2,202,0.8,1.4,3.1,5,0
jshint,jshint,8937.0,1665.0,0.1,66.9,9.3,5.7,411,355,0.4,62.3,7.5,6.0,120,0.5,0.6,1.4,5,0
benjamn,install,60.0,24.0,0.8,60.2,85.6,2.1,8,14,0.8,24.6,16.5,1.7,5,0.6,3.0,2.4,0,0
chenglou,react-motion,21631.0,1161.0,0.6,64.1,16.9,6.9,450,61,0.8,60.5,12.0,4.2,103,0.8,4.2,2.9,7,0
ChainSafe,web3.js,18394.0,4690.0,0.1,32.5,12.7,38.5,191,436,0.2,8.6,0.4,31.2,50,0.8,0.3,0.6,10,10
adaltas,node-http-status,433.0,55.0,0.9,21.0,0.8,1.2,13,0,1.0,20.5,15.1,1.1,10,1.0,2.1,1.4,1,5
Medium,phantomjs,1419.0,455.0,0.5,18.7,13.2,8.5,764,0,0.9,15.1,12.2,3.3,140,0.7,2.6,2.3,5,0
webpack-contrib,extract-text-webpack-plugin,4021.0,540.0,0.8,110.8,25.0,13.2,923,117,1.0,74.1,10.1,4.6,192,0.5,4.5,4.6,8,0
jxson,front-matter,661.0,79.0,0.5,171.6,31.8,1.2,27,8,0.9,25.2,2.4,1.6,23,0.9,1.9,2.3,4,0
reactstrap,reactstrap,10556.0,1302.0,0.3,129.5,29.0,8.3,581,102,0.3,30.9,24.4,14.3,41,0.5,1.1,0.3,10,6
babel,ember-cli-babel,153.0,124.0,0.8,183.3,40.1,2.4,186,29,1.0,54.6,46.4,3.6,79,0.9,5.1,1.5,4,0
twitter,hogan.js,5139.0,466.0,0.9,451.0,107.2,2.7,202,0,0.8,153.6,206.9,2.3,48,0.6,3.1,1.7,3,0
klughammer,node-randomstring,521.0,79.0,0.9,492.4,178.3,1.2,21,0,1.0,395.6,312.9,1.3,6,0.5,2.4,1.0,3,0
jquery,jquery-ui,11214.0,5279.0,0.5,34.2,29.7,3.9,107,101,0.4,80.3,7.0,5.2,181,0.3,3.1,0.8,4,7
imagemin,imagemin-pngquant,311.0,82.0,0.7,127.1,58.5,1.4,91,1,0.9,42.5,34.8,1.2,18,0.6,3.2,1.1,2,0
getsentry,raven-js,7551.0,1462.0,0.1,12.0,2.6,83.3,355,422,0.4,1.5,0.4,166.7,29,0.9,0.5,0.1,9,10
showdownjs,showdown,13799.0,1558.0,0.4,137.8,59.0,6.0,347,189,1.0,205.3,110.3,2.8,100,0.5,1.7,1.7,1,0
angular,angular.js,58970.0,27598.0,0.5,18.3,3.8,9.1,307,175,0.4,18.1,6.9,9.3,130,0.4,1.5,0.2,0,0
apocas,dockerode,4153.0,446.0,0.8,272.2,102.5,4.5,446,226,1.0,33.3,12.2,2.1,74,0.9,2.2,2.3,3,7
dcodeIO,bytebuffer.js,710.0,161.0,0.6,68.5,38.4,1.9,46,37,0.7,36.7,59.3,1.1,9,0.7,2.4,1.1,0,0
vuejs,vue-class-component,5813.0,428.0,0.8,18.9,11.3,5.6,564,102,0.8,25.4,31.8,2.5,34,0.7,3.9,0.9,2,0
nickmerwin,node-coveralls,1064.0,267.0,0.6,149.9,100.3,1.8,194,2,0.9,64.1,22.1,2.4,100,0.7,3.2,3.0,4,0
hughsk,envify,900.0,57.0,0.6,68.3,23.1,1.3,42,0,0.8,160.0,15.1,1.4,24,0.8,2.5,3.3,2,0
olado,doT,4970.0,998.0,0.9,436.3,120.7,2.1,175,69,0.9,629.0,225.7,1.6,75,0.2,2.9,2.6,2,0
tediousjs,node-mssql,2192.0,454.0,0.4,25.4,6.9,8.9,333,74,1.0,27.0,25.4,3.8,84,0.8,1.3,1.8,10,10
tj,connect-redis,2772.0,363.0,1.0,119.3,36.7,2.0,292,27,1.0,66.0,32.0,1.5,80,0.6,3.8,2.6,3,5
kaorun343,vue-property-decorator,5521.0,381.0,0.7,77.0,49.4,4.5,417,16,0.8,79.8,31.6,2.1,46,0.7,3.0,1.3,1,0
contra,gulp-concat,792.0,127.0,0.9,37.2,30.5,2.1,93,2,1.0,9.8,3.1,1.9,34,0.6,3.5,2.2,5,0
standard,standard,28794.0,2320.0,0.3,115.3,29.0,6.8,431,275,0.7,34.8,14.6,6.1,88,0.6,1.7,1.2,10,5
koajs,router,833.0,171.0,0.8,157.2,69.8,2.4,104,12,0.9,77.9,53.9,2.6,52,0.6,3.1,2.8,6,0
yuanchuan,node-watch,337.0,44.0,0.9,204.0,8.5,1.5,47,11,1.0,32.8,6.4,1.5,12,0.9,2.8,1.4,2,0
prettier,tslint-config-prettier,1234.0,42.0,1.0,7.4,1.5,2.0,21,36,0.9,3.3,11.2,9.4,12,0.6,1.9,0.7,-1,0
rollup,rollup-plugin-node-resolve,471.0,96.0,1.0,238.5,92.8,3.2,189,35,1.0,90.9,56.4,2.6,64,0.7,3.7,2.8,3,0
ethereumjs,ethereumjs-tx,777.0,260.0,1.0,44.6,18.6,2.2,77,9,1.0,27.7,9.5,2.6,34,0.8,3.1,3.8,9,0
oblador,react-native-vector-icons,17134.0,2106.0,0.3,562.9,110.2,7.5,1367,10,0.9,78.6,43.2,4.0,242,0.6,2.1,2.2,6,2
pvorb,node-sha1,102.0,19.0,1.0,115.9,109.9,1.3,5,0,1.0,56.6,0.0,1.0,1,0.8,2.1,0.8,1,0
ianschmitz,jest-environment-jsdom-fourteen,26.0,8.0,0.0,,1.2,1.0,2,1,N/A,N/A,N/A,N/A,0,N/A,6.0,N/A,0,0
ant-design,babel-plugin-import,3137.0,397.0,0.7,85.8,36.3,4.4,563,15,1.0,18.0,22.9,4.9,41,0.4,3.1,0.9,3,0
geowarin,friendly-errors-webpack-plugin,751.0,86.0,0.5,62.5,30.9,1.9,82,19,0.7,67.9,35.4,2.1,38,0.8,2.9,2.2,4,0
vuejs,babel-helper-vue-jsx-merge-props,28.0,16.0,0.8,23.5,25.3,1.1,6,0,0.8,207.0,63.3,1.0,5,0.2,0.9,1.4,0,0
jadejs,jade,21470.0,1954.0,0.3,51.6,31.7,6.2,389,72,0.6,50.0,20.1,5.2,175,0.7,1.1,1.4,5,0
terinjokes,gulp-uglify,1228.0,165.0,1.0,34.9,9.8,3.4,349,42,1.0,27.6,8.6,2.4,51,0.3,3.8,1.9,0,0
gruntjs,grunt-contrib-copy,728.0,194.0,0.8,42.9,28.8,3.5,334,2,0.9,44.1,11.2,2.1,83,0.3,3.5,3.9,2,0
fluent-ffmpeg,node-fluent-ffmpeg,7362.0,852.0,0.2,78.7,86.2,6.0,476,60,0.8,46.0,31.4,2.6,96,0.7,0.9,1.6,6,0
vpulim,node-soap,2962.0,1473.0,,,,,0,0,0.6,76.6,2.3,5.1,354,0.7,N/A,2.7,8,0
systemjs,systemjs,12792.0,1090.0,0.2,77.6,14.3,6.4,280,34,1.0,20.5,3.6,4.9,145,0.7,1.0,2.8,4,3
gruntjs,grunt-contrib-clean,515.0,68.0,0.9,78.1,14.9,2.1,158,1,1.0,74.7,12.0,1.5,30,0.6,3.8,2.0,1,0
gruntjs,grunt-contrib-watch,1979.0,357.0,0.7,97.9,28.9,6.2,709,59,0.9,98.7,22.7,2.1,96,0.2,4.9,3.6,1,0
redux-utilities,redux-actions,6530.0,301.0,0.8,134.5,36.9,3.4,250,51,1.0,154.0,122.3,3.2,111,0.6,3.6,3.4,4,0
tschaub,gh-pages,3155.0,182.0,0.4,273.5,93.7,2.3,347,4,1.0,71.5,44.3,3.9,76,0.4,2.8,1.0,2,10
redux-form,redux-form,12583.0,1636.0,0.1,67.6,65.1,10.4,522,162,0.5,43.0,32.6,8.1,238,0.8,0.4,1.7,2,0
patrick-steele-idem,child-process-promise,251.0,34.0,0.6,118.5,15.4,1.2,32,1,0.8,12.8,3.7,1.4,7,0.8,2.4,1.9,2,0
node-modules,urllib,721.0,114.0,0.9,318.8,52.3,1.8,64,9,1.0,20.7,0.5,3.7,48,0.6,2.0,2.2,1,10
bitcoinjs,bip39,1024.0,425.0,0.9,37.4,20.2,1.8,72,35,1.0,45.6,33.2,1.9,36,0.7,3.9,2.0,4,0
discordjs,discord.js,24593.0,3901.0,0.5,18.7,4.6,26.3,326,492,0.4,10.4,0.0,45.5,84,0.8,1.5,0.2,9,10
ElemeFE,element,53891.0,14624.0,0.1,25.1,17.4,25.0,315,0,0.2,73.5,19.3,15.2,178,0.5,0.6,0.1,7,0
Level,level,1490.0,119.0,0.9,85.3,9.2,1.9,94,30,1.0,11.8,9.7,2.0,22,0.8,4.0,1.1,2,3
gruntjs,grunt-contrib-uglify,1479.0,372.0,0.9,87.8,36.0,4.6,444,18,1.0,37.2,8.5,2.5,132,0.5,3.6,3.2,2,0
rollup,rollup-plugin-commonjs,502.0,126.0,1.0,270.0,84.6,5.5,369,67,1.0,47.1,33.0,3.2,71,0.8,3.6,2.4,3,0
robrich,gulp-if,656.0,29.0,0.9,118.0,11.6,2.1,99,1,1.0,180.5,21.6,1.5,11,0.6,4.4,3.1,2,0
grpc,grpc-node,4240.0,595.0,0.3,110.9,15.4,11.1,519,217,0.5,3.9,1.8,16.7,60,0.9,2.1,0.3,10,10
aheckmann,gm,6912.0,643.0,0.3,173.7,132.2,4.9,500,53,0.8,180.4,101.1,2.3,102,0.6,1.3,1.8,1,0
DiegoRBaquero,node-os,18.0,5.0,,,,,0,0,1.0,0.0,0.0,1.0,2,0.0,N/A,1.0,0,0
helloIAmPau,node-spinner,269.0,24.0,0.8,274.4,34.4,1.0,7,1,1.0,107.3,63.0,1.4,17,0.8,1.7,2.1,4,0
Level,leveldown,764.0,186.0,1.0,208.7,31.1,4.0,276,130,1.0,41.9,8.7,4.0,60,0.7,5.8,3.4,2,0
lazd,gulp-replace,494.0,87.0,0.9,178.0,50.8,1.8,105,9,0.9,62.4,24.4,1.5,26,0.6,3.6,3.2,3,0
karma-runner,karma-mocha,381.0,98.0,0.8,79.1,51.0,1.8,127,19,0.6,242.9,31.4,2.5,58,0.6,3.4,1.7,5,0
sindresorhus,deep-assign,247.0,37.0,1.0,105.9,5.2,1.5,17,1,1.0,112.7,0.8,1.5,10,0.6,4.0,4.4,2,0
Semantic-Org,Semantic-UI-React,13160.0,4023.0,0.1,74.9,10.9,9.3,417,332,0.4,29.3,1.4,8.6,126,0.8,0.7,0.7,4,10
reactjs,react-router-redux,7829.0,650.0,1.0,3.7,2.5,14.8,500,4,1.0,3.8,1.1,9.2,93,0.7,4.0,4.5,4,0
koajs,koa-body,936.0,127.0,0.7,116.6,53.6,1.9,135,19,0.9,47.1,15.8,1.9,48,0.7,2.6,2.1,4,0
bahamas10,node-clear,113.0,11.0,0.8,251.9,162.3,1.2,6,0,0.5,103.1,103.1,1.0,1,0.0,3.6,0.5,0,0
babel,gulp-babel,1322.0,134.0,0.9,114.8,38.8,2.3,241,0,0.8,45.4,56.6,1.8,34,0.6,3.6,1.1,2,0
Trott,slug,307.0,34.0,0.8,38.9,9.2,1.4,15,0,1.0,2.1,2.8,7.6,12,0.9,3.2,0.2,0,10
elastic,elasticsearch-js-legacy,57.0,36.0,1.0,496.5,111.1,1.8,19,0,1.0,133.3,6.1,1.6,4,0.7,1.8,0.3,2,0
enricomarino,is,190.0,30.0,0.9,10.8,0.1,1.1,10,0,0.9,25.7,1.4,1.4,11,0.7,3.4,1.3,1,0
jgthms,bulma,47964.0,3908.0,0.1,166.7,79.2,10.9,419,191,0.3,77.1,55.7,7.8,157,0.6,0.4,0.4,2,10
koajs,mount,551.0,58.0,0.8,46.9,47.8,1.4,51,6,0.9,23.8,19.4,2.5,19,0.3,3.4,1.1,2,0
gruntjs,grunt-contrib-concat,807.0,179.0,0.7,66.9,30.6,2.3,156,5,0.9,97.2,50.6,2.1,76,0.5,2.8,3.0,0,0
aseemk,requireDir,484.0,60.0,0.8,287.5,40.5,1.2,57,12,1.0,414.3,58.0,1.5,37,0.3,4.2,4.5,3,0
yeoman,yosay,207.0,43.0,1.0,293.7,23.0,1.6,13,5,1.0,12.0,1.6,1.5,12,0.8,4.1,4.1,2,0
felixge,node-require-all,300.0,50.0,0.9,59.5,26.7,1.2,28,0,1.0,153.5,18.1,1.4,22,0.4,3.3,5.0,1,0
sindresorhus,gulp-autoprefixer,690.0,50.0,0.9,54.3,14.9,2.0,145,9,1.0,12.0,0.1,1.4,21,0.3,4.6,3.2,2,0
hokaccha,node-jwt-simple,1364.0,149.0,0.6,172.1,84.8,1.3,62,0,0.8,82.9,84.4,1.4,14,0.6,2.3,1.3,5,0
scniro,gulp-clean-css,649.0,60.0,0.9,26.4,6.1,2.0,86,12,0.9,32.2,34.5,1.5,16,0.6,4.8,1.7,1,0
floatdrop,gulp-plumber,807.0,32.0,0.7,76.7,38.7,1.9,76,3,1.0,0.9,0.1,1.2,5,1.0,3.3,1.1,2,0
restify,node-restify,10695.0,986.0,0.4,104.2,34.7,6.1,413,183,0.6,61.5,38.0,6.0,99,0.7,1.5,1.0,2,0
apollographql,react-apollo,6863.0,795.0,0.2,27.6,15.9,27.8,1006,54,0.4,9.3,6.2,33.3,68,0.9,1.2,0.1,0,0
postcss,gulp-postcss,769.0,73.0,1.0,69.7,38.3,2.1,97,0,1.0,35.3,8.5,1.9,22,0.7,4.6,2.1,4,10
OverZealous,run-sequence,968.0,61.0,1.0,13.0,0.5,2.0,78,52,1.0,15.0,3.0,1.4,25,0.5,3.7,3.7,2,0
koajs,logger,563.0,102.0,0.8,259.4,84.7,1.4,22,3,0.8,88.9,30.4,1.4,32,0.4,1.7,1.8,2,0
jaredhanson,passport-oauth,117.0,54.0,0.5,143.4,116.8,1.3,11,1,0.9,343.6,16.3,1.2,16,0.6,1.6,2.9,0,0
hughsk,vinyl-source-stream,333.0,29.0,0.9,244.1,70.3,1.4,22,0,1.0,203.4,136.6,1.1,9,0.7,2.7,2.0,2,0
MoOx,postcss-cssnext,5306.0,218.0,1.0,88.1,12.3,7.4,293,148,1.0,23.1,7.6,3.0,56,0.6,4.8,3.1,2,0
ivogabe,gulp-typescript,807.0,136.0,0.8,59.2,8.1,6.4,565,191,0.9,16.7,8.5,2.2,65,0.8,3.7,2.4,2,0
sindresorhus,gulp-filter,316.0,37.0,1.0,75.4,18.4,1.9,72,9,1.0,40.2,8.6,1.5,25,0.5,3.7,3.9,2,0
adametry,gulp-eslint,565.0,122.0,0.9,40.1,12.3,3.0,187,13,0.8,69.2,6.6,1.8,63,0.5,3.3,2.9,2,0
sindresorhus,gulp-imagemin,1887.0,165.0,0.9,38.5,12.6,3.5,415,8,1.0,13.2,15.3,1.6,43,0.4,3.2,2.2,2,0
hughsk,vinyl-buffer,76.0,10.0,1.0,310.9,396.0,1.0,2,0,0.8,210.9,193.4,1.0,5,0.8,1.0,1.6,2,0
jaredhanson,connect-flash,1230.0,153.0,0.5,61.7,78.1,1.1,56,1,0.5,651.8,126.4,1.1,8,0.2,2.4,0.5,0,0
palantir,tslint-react,753.0,80.0,1.0,331.1,146.7,3.6,147,84,1.0,45.9,3.6,3.1,55,0.8,3.0,2.2,4,0
karma-runner,karma-phantomjs-launcher,281.0,131.0,0.6,145.1,43.7,2.2,425,34,0.4,146.7,11.5,3.0,50,0.5,6.2,2.2,2,0
s-panferov,awesome-typescript-loader,2353.0,182.0,0.6,46.8,22.7,9.3,780,108,0.9,23.0,16.4,3.1,48,0.8,3.9,1.0,5,0
gruntjs,grunt-contrib-jshint,710.0,211.0,0.9,74.8,23.3,3.3,225,5,1.0,40.1,7.3,2.0,83,0.4,3.2,2.3,2,0
clessg,progress-bar-webpack-plugin,433.0,44.0,0.5,105.4,68.9,1.1,32,0,0.9,63.8,31.5,1.0,6,0.9,1.8,1.1,3,0
gulp-community,gulp-less,560.0,116.0,1.0,48.9,11.0,3.2,261,3,1.0,70.2,38.7,2.8,67,0.5,4.1,3.0,3,0
jackfranklin,gulp-load-plugins,758.0,61.0,1.0,132.7,46.9,2.3,90,8,1.0,30.6,16.8,1.4,41,0.8,4.5,4.7,0,0
floatdrop,gulp-watch,645.0,106.0,0.8,66.2,12.7,3.7,236,18,0.7,17.0,17.4,1.7,34,0.8,3.6,1.4,1,0
buglabs,node-xml2json,808.0,215.0,0.6,87.6,46.4,1.7,117,0,0.9,73.8,80.5,1.5,34,0.8,2.8,2.4,8,0
jdesboeufs,connect-mongo,1953.0,347.0,1.0,165.7,64.0,2.5,424,101,1.0,85.3,22.2,1.8,133,0.6,4.2,2.7,3,0
loganfsmyth,babel-plugin-transform-decorators-legacy,821.0,57.0,0.7,19.9,18.4,2.3,85,0,0.8,86.7,1.9,1.4,16,0.6,3.5,2.3,2,0
maritz,node-sprintf,73.0,13.0,1.0,34.5,3.2,1.1,8,0,0.9,141.6,5.1,1.1,7,0.8,3.1,3.1,2,0
ryanmcgrath,wrench-js,437.0,71.0,0.6,60.6,46.8,1.7,40,5,0.9,54.1,35.0,2.0,18,0.8,1.9,1.4,3,0
pull-stream,pull-stream,792.0,78.0,,,,,0,0,1.0,138.4,29.0,1.9,21,0.8,N/A,4.1,7,0
mikaelbr,gulp-notify,594.0,39.0,0.7,58.4,23.4,2.6,149,2,0.8,186.5,111.6,1.7,13,0.7,3.7,1.3,1,0
evilstreak,markdown-js,7689.0,865.0,0.6,127.8,86.6,2.3,217,7,0.9,105.7,30.0,2.4,65,0.6,2.7,2.8,5,0
Polymer,polymer,22003.0,2013.0,0.1,269.8,52.5,9.4,340,252,0.3,63.6,38.4,8.5,82,0.8,0.5,0.5,7,10
jprichardson,string.js,1796.0,231.0,0.6,97.7,50.1,2.2,104,35,0.8,241.2,8.1,2.0,53,0.7,2.4,2.1,4,0
goldhand,sw-precache-webpack-plugin,1443.0,115.0,0.8,35.0,15.7,3.5,113,20,1.0,43.1,11.1,2.4,25,0.7,3.4,1.9,4,0
spalger,gulp-jshint,419.0,71.0,0.9,43.4,15.3,2.9,141,6,0.9,11.2,4.1,2.1,36,0.7,4.0,3.4,2,0
nuysoft,Mock,19319.0,2660.0,0.3,98.9,95.0,4.1,378,32,0.4,82.1,3.2,1.3,15,0.3,1.5,0.8,0,0
stylus,nib,1904.0,252.0,0.7,344.3,56.6,2.9,195,42,0.9,201.4,63.1,2.8,85,0.7,3.3,2.2,3,0
sun-zheng-an,gulp-shell,482.0,62.0,1.0,222.7,43.1,2.0,87,2,0.7,81.0,0.5,1.3,20,0.5,3.2,3.2,0,0
caolan,highland,3424.0,162.0,0.7,50.7,14.0,5.4,199,98,1.0,41.5,3.0,6.2,74,0.7,5.3,3.1,3,0
ftlabs,fastclick,18700.0,3248.0,0.5,87.5,46.1,4.6,664,56,0.7,379.1,50.3,3.0,168,0.5,3.8,1.8,3,0
jamestalmage,cli-table2,261.0,38.0,0.3,134.8,44.4,1.8,30,0,0.8,74.5,2.9,1.3,19,0.5,2.9,3.2,2,0
serialport,node-serialport,5663.0,1001.0,0.2,81.3,26.6,8.2,557,271,0.5,23.7,13.6,6.7,73,0.8,1.3,0.7,0,10
nathanpeck,clui,1659.0,53.0,0.5,381.1,252.9,1.2,17,3,0.9,225.1,161.3,1.6,10,0.5,2.2,1.8,2,0
hapijs,hapi,14463.0,1329.0,0.1,30.4,89.4,7.1,286,482,0.4,17.6,491.6,5.1,138,0.8,0.4,0.9,6,8
baryon,tracer,1144.0,124.0,0.9,140.4,94.8,1.4,48,6,1.0,20.5,52.6,1.4,11,0.8,2.0,0.5,2,0
louischatriot,nedb,13415.0,1017.0,0.6,42.2,35.7,5.0,488,3,0.7,150.9,83.7,1.9,96,0.4,2.7,2.5,1,0
Timer,fork-ts-checker-webpack-plugin,0.0,3.0,,,,,0,0,0.5,0.0,4.3,1.0,4,0.0,N/A,7.0,0,0
nodegit,nodegit,5562.0,690.0,0.2,70.5,30.3,6.0,548,40,0.5,54.2,30.1,6.2,104,0.9,1.7,1.1,1,10
pouchdb,pouchdb,16216.0,1485.0,0.1,73.1,21.5,8.9,409,208,0.4,36.2,32.3,9.3,83,0.7,0.4,0.2,10,10
sindresorhus,unique-random-array,74.0,11.0,,,,,0,0,1.0,0.7,0.3,1.0,2,0.7,N/A,1.3,1,0
jupyterlab,jupyterlab,13643.0,2979.0,0.3,16.5,2.9,50.0,270,500,0.1,6.7,N/A,71.4,0,0.9,1.7,1.3,9,10
dthree,vorpal,5615.0,314.0,0.5,91.1,38.9,4.8,211,46,0.8,77.6,21.0,2.9,56,0.8,4.0,3.4,8,0
hapijs,inert,238.0,48.0,0.9,66.4,297.0,2.0,63,95,1.0,45.6,452.0,1.7,19,0.8,3.1,2.4,6,0
EvanOxfeld,node-unzip,612.0,331.0,0.3,86.3,150.8,1.7,197,0,0.6,550.9,112.8,1.5,38,0.1,3.5,2.0,0,0
cloudhead,node-static,2177.0,256.0,0.7,391.0,124.4,1.6,118,10,1.0,393.4,249.4,1.8,80,0.5,2.9,2.2,0,0
danwrong,restler,1990.0,388.0,0.5,213.9,142.3,2.0,137,1,0.8,315.3,122.4,2.0,102,0.6,1.7,1.9,4,0
alibaba,BizCharts,6129.0,667.0,0.2,45.4,37.5,10.2,256,11,1.0,17.3,7.3,4.4,22,0.8,0.4,0.8,0,0
metalsmith,metalsmith,7821.0,625.0,0.9,359.9,42.0,3.2,234,103,1.0,162.4,4.3,2.8,72,0.6,4.5,3.6,0,7
zilverline,react-tap-event-plugin,1069.0,110.0,0.6,81.9,33.4,2.5,189,0,0.9,83.7,26.4,1.4,29,0.5,3.7,2.6,1,0
slushjs,gulp-install,106.0,46.0,0.7,159.4,58.6,1.6,35,1,0.8,151.2,55.1,1.4,16,0.6,2.0,1.3,1,0
sindresorhus,gulp-template,288.0,79.0,0.9,5.6,28.4,1.3,36,2,1.0,6.4,0.7,1.4,9,0.3,2.6,1.5,1,0
shockie,node-iniparser,74.0,25.0,0.1,2.0,121.1,1.0,6,0,0.6,921.4,142.7,1.2,7,0.4,2.0,0.9,1,0
redis,hiredis-node,304.0,84.0,0.9,64.6,34.5,1.8,102,4,0.9,38.6,15.8,1.9,37,0.6,3.5,2.6,3,0
alibaba-fusion,next,4516.0,569.0,0.1,83.8,37.5,23.8,96,368,0.2,16.0,3.1,16.1,37,0.8,0.3,0.3,5,10
iview,iview,23977.0,4163.0,0.0,46.0,44.7,10.6,238,146,0.4,32.5,32.2,11.4,116,0.5,0.1,0.3,3,0
phosphorjs,phosphor,1034.0,168.0,0.8,68.0,24.7,4.4,69,59,0.9,29.1,15.0,5.7,30,0.8,3.4,2.3,7,0
ipfs,js-ipfs,7452.0,1257.0,0.3,217.4,42.2,12.8,388,476,0.2,31.0,25.6,17.9,49,0.5,1.4,0.3,1,0
johnagan,clean-webpack-plugin,1959.0,134.0,0.8,83.5,33.7,2.3,269,1,1.0,86.5,1.2,1.9,51,0.7,4.3,3.4,9,0
atomist,automation-client,15.0,16.0,1.0,79.6,27.6,9.4,26,255,1.0,2.3,2.4,9.0,17,0.9,1.2,0.9,0,0
sindresorhus,query-string,6603.0,443.0,0.9,23.5,11.9,2.6,238,28,1.0,22.4,6.4,2.3,105,0.5,2.7,2.8,3,10
plone,volto,421.0,554.0,0.1,35.4,13.6,33.3,204,460,0.1,4.8,0.0,62.5,61,0.8,0.8,0.4,3,10
gaearon,react-hot-loader,12266.0,801.0,0.4,25.9,9.5,9.6,569,106,0.2,68.5,76.2,13.9,16,0.4,2.9,0.2,5,0
react-component,rc-tools,204.0,59.0,0.6,79.8,71.1,1.5,19,5,0.9,43.2,37.4,4.6,12,0.1,1.3,1.0,0,0
darekf77,morphi,10.0,1.0,,,,,0,0,1.0,13.9,13.9,5.0,1,0.0,N/A,1.0,0,10
e1-bsd,omni-common-ui,5.0,3.0,,,,,0,0,0.7,27.4,10.4,2.9,6,0.8,N/A,1.6,2,0
facebook,nuclide,7810.0,682.0,0.2,32.0,18.4,22.7,504,3,1.0,16.5,3.2,8.0,126,0.0,1.0,3.7,8,0
electrode-io,electrode,2098.0,301.0,1.0,216.4,23.5,6.5,179,133,0.3,4.2,0.4,10.2,19,0.8,2.7,0.1,9,5
wintercounter,mhy,135.0,32.0,0.6,295.6,104.9,1.3,4,7,0.9,4.8,5.5,3.0,5,0.8,1.8,0.8,0,0
dexteryy,Project-WebCube,146.0,20.0,1.0,123.2,9.4,1.0,2,0,0.5,0.2,N/A,1.0,0,1.0,1.5,0.0,0,0
compute-io,compute.io,67.0,5.0,1.0,175.9,0.2,1.0,1,1,N/A,N/A,N/A,N/A,0,N/A,1.0,N/A,0,0
slushjs,gulp-conflict,22.0,12.0,0.3,74.3,127.2,1.1,12,1,0.9,109.6,29.6,1.2,8,0.7,2.4,1.7,2,0
sebastian-software,advanced-boilerplate,78.0,9.0,,,,,0,0,1.0,23.0,0.8,12.8,3,0.1,N/A,0.3,0,0
embarklabs,embark,3776.0,498.0,0.8,116.2,41.0,5.9,262,90,0.2,16.5,5.3,17.2,17,0.7,4.0,0.4,4,0
agneta,platform,4.0,2.0,0.0,,35.7,1.0,1,2,1.0,26.4,0.0,2.0,1,0.0,0.5,1.0,0,0
ziruYU,nodejs,0.0,0.0,,,,,0,0,N/A,N/A,N/A,N/A,0,N/A,N/A,N/A,0,0
NetWilliam,protocol-buffers-schema,1.0,0.0,,,,,0,0,N/A,N/A,N/A,N/A,0,N/A,N/A,N/A,0,0
toyako,yanglao,1.0,0.0,,,,,0,0,N/A,N/A,N/A,N/A,0,N/A,N/A,N/A,0,0
cnn007,node-dingtalk-robot,2.0,1.0,,,,,0,0,N/A,N/A,N/A,N/A,0,N/A,N/A,N/A,0,0
chjj,bslint,3.0,1.0,0.0,,,1.0,0,0,N/A,N/A,N/A,N/A,0,N/A,0.0,N/A,0,0
aethant,merino,3.0,1.0,0.0,41.1,0.0,7.5,1,95,0.4,55.2,93.9,9.1,3,0.8,5.5,3.0,0,0
Anoop24031989,cordova-plugin-tsp-for-Android,0.0,0.0,,,,,0,0,N/A,N/A,N/A,N/A,0,N/A,N/A,N/A,0,0
joshmatz,big-bertha,5.0,1.0,0.6,0.0,1.0,3.5,2,0,0.6,0.0,0.0,1.7,2,0.7,1.0,0.4,0,0
chjj,babylonia,3.0,0.0,,,,,0,0,N/A,N/A,N/A,N/A,0,N/A,N/A,N/A,0,8
ericmcornelius,ease,3.0,4.0,,,,,0,0,0.3,152.2,175.6,2.0,1,0.1,N/A,0.3,0,0
codemirror,CodeMirror,26478.0,4945.0,0.4,26.2,10.6,10.9,260,19,0.2,4.4,1.4,8.3,124,0.8,1.0,0.3,3,1
nithincvpoyyil,voice-listener,2.0,1.0,,,,,0,0,0.0,N/A,N/A,2.6,0,N/A,N/A,0.0,0,0
hexlet-components,js-pairs,33.0,20.0,,,,,0,0,0.9,118.4,115.5,1.9,1,0.6,N/A,0.3,0,0
terryarbase,nextnode,1.0,0.0,,,,,0,0,0.3,125.5,125.5,1.3,1,0.0,N/A,0.3,0,0
rstacruz,pnpm,27114.0,891.0,0.1,18.6,5.8,55.6,465,481,0.2,4.5,2.6,38.5,109,0.9,0.4,0.3,2,10
ckeditor,ckeditor5-build-inline,18.0,123.0,,,,,0,0,1.0,4.9,0.7,1.5,1,0.9,N/A,0.1,0,0
mehmetkose,react-websocket,351.0,85.0,0.4,139.7,94.3,1.2,41,0,1.0,140.7,100.6,1.3,8,0.8,2.6,0.5,4,0
stewartml,react-angular-component,1.0,1.0,,,,,0,0,N/A,N/A,N/A,N/A,0,N/A,N/A,N/A,0,0
akserg,ng2-toasty,283.0,104.0,0.7,44.4,27.0,3.3,86,10,0.8,20.7,19.1,1.9,14,0.7,2.5,1.2,2,0
primefaces,primeng,9205.0,4394.0,0.0,8.6,5.7,100.0,265,475,0.2,12.0,0.0,50.0,120,0.8,0.1,0.4,5,10
jabbla,Freemamba,3.0,0.0,,,,,0,0,N/A,N/A,N/A,N/A,0,N/A,N/A,N/A,0,0
askiiRobotics,react-native-ok-sdk,0.0,8.0,0.0,,21.7,1.0,2,0,0.0,N/A,N/A,1.0,0,N/A,0.7,0.0,0,0
namchey,linkpreview,70.0,10.0,0.3,272.0,141.0,1.7,2,5,0.6,84.1,62.2,2.4,1,0.6,0.3,0.2,0,0
dorado-lmz,axios-retry,0.0,0.0,,,,,0,0,N/A,N/A,N/A,N/A,0,N/A,N/A,N/A,0,0
linagora,openpaas-esn,470.0,148.0,1.0,502.0,113.5,1.9,58,7,0.9,139.1,24.8,1.3,12,0.1,3.6,1.1,0,0
lazy-bee,ui,23.0,10.0,0.4,163.3,93.4,1.6,6,0,0.5,86.0,171.1,4.7,4,0.5,1.4,0.2,0,0
colmbrady,react-native-feather,11.0,3.0,,,,,0,0,1.0,0.0,N/A,2.5,0,1.0,N/A,0.0,1,0
mzamoras,rbc,0.0,0.0,0.0,,,2.0,0,2,0.5,121.5,145.7,1.4,1,0.2,0.0,0.5,0,0
patternweb,patternx,4.0,0.0,0.0,,,2.0,0,1,0.0,N/A,7.9,1.0,1,N/A,0.0,1.0,0,0
LearningLocker,learninglocker,540.0,270.0,0.7,32.6,16.4,5.3,268,363,0.5,38.0,54.6,7.7,35,0.8,4.3,0.6,8,0
dropbox,zxcvbn,14533.0,917.0,0.5,162.3,91.5,2.3,201,0,0.8,164.0,307.4,1.7,86,0.5,2.7,2.0,4,0
1903514970,cordova-plugin-demotoast,0.0,0.0,,,,,0,0,N/A,N/A,N/A,N/A,0,N/A,N/A,N/A,0,0
Automattic,wp-calypso,12334.0,1946.0,0.0,6.8,2.4,166.7,173,405,,,,,,,0.0,N/A,4,10
schacker,hpack-cli,1.0,0.0,,,,,0,0,N/A,N/A,N/A,N/A,0,N/A,N/A,N/A,0,0
FrontendSolutionsGmbH,ufp-core-frontend,0.0,1.0,,,,,0,0,1.0,53.0,53.0,1.0,1,1.0,N/A,1.0,0,0
APCOvernight,apc-youtube,1.0,1.0,,,,,0,0,N/A,N/A,N/A,N/A,0,N/A,N/A,N/A,0,0
qh08,hendo-cli,15.0,2.0,0.0,,284.7,1.0,2,0,N/A,N/A,N/A,N/A,0,N/A,3.0,N/A,0,0
tronscan,tronscan-frontend,251.0,202.0,0.4,102.1,33.7,11.4,272,27,0.9,9.2,43.6,10.6,20,0.8,0.9,0.1,10,0
ournameismud,mulp,3.0,1.0,,,,,0,0,N/A,N/A,N/A,N/A,0,N/A,N/A,N/A,0,0
diplomatiegouvfr,hornet-js-builder,0.0,1.0,0.0,,,1.0,0,0,1.0,278.0,278.0,1.5,1,0.0,0.0,1.0,0,0
cakrit,landscapeapp,1.0,0.0,,,,,0,0,N/A,N/A,N/A,N/A,0,N/A,N/A,N/A,0,0
luigimannoni,tovar.js,2.0,0.0,1.0,0.1,0.1,2.0,1,2,1.0,179.4,N/A,1.5,0,0.7,0.5,0.0,0,0
meepobrother,nger,56.0,15.0,0.5,756.8,,1.0,0,0,1.0,0.1,0.0,2.0,1,1.0,0.0,0.2,0,0
GuillaumeIsabelleX,gix-npm-server,0.0,0.0,,,,,0,0,N/A,N/A,N/A,N/A,0,N/A,N/A,N/A,0,0
conveyal,modeify,64.0,29.0,0.9,87.5,19.3,13.4,13,307,1.0,13.6,0.4,3.1,5,0.6,1.0,0.5,3,0
rachmanzz,bim,0.0,0.0,,,,,0,0,1.0,0.6,N/A,1.0,0,1.0,N/A,0.0,0,0
smashingboxes,smashing-dev-tool,1.0,2.0,0.0,,0.0,3.0,4,1,1.0,86.3,0.5,1.6,3,0.9,1.3,0.2,0,0
jkhax0r,require_bluetooth_le,0.0,0.0,,,,,0,0,N/A,N/A,N/A,N/A,0,N/A,N/A,N/A,0,0
elandamor,the-react-scripts,0.0,0.0,,,,,0,0,N/A,N/A,N/A,N/A,0,N/A,N/A,N/A,0,0
unctionjs,complete,3.0,0.0,,,,,0,0,0.2,106.8,106.8,1.5,1,0.0,N/A,0.2,0,0
hades217,lightsight,1.0,1.0,,,,,0,0,N/A,N/A,N/A,N/A,0,N/A,N/A,N/A,0,0
Joywok,JwComponents,0.0,0.0,,,,,0,0,N/A,N/A,N/A,N/A,0,N/A,N/A,N/A,0,0
founderlab,frameworkstein,1.0,1.0,,,,,0,0,0.4,232.3,232.3,1.3,1,0.0,N/A,0.4,0,0
teambit,bit,17410.0,885.0,0.3,128.0,57.2,17.2,301,467,0.1,1.7,4.8,100.0,7,0.9,0.7,0.0,6,10
bshack,white-label,0.0,0.0,0.7,29.9,,1.5,0,0,N/A,N/A,N/A,N/A,0,N/A,0.0,N/A,0,0
SinaMFE,webpack-marauder,27.0,9.0,0.8,137.5,157.9,3.0,3,1,0.5,57.8,87.3,2.0,4,0.5,0.9,0.4,0,0
keystonejs,keystone,8742.0,1109.0,0.3,101.0,39.4,13.9,333,128,0.1,7.8,0.1,33.3,35,0.9,0.8,0.2,1,10
ipfs,aegir,96.0,65.0,0.9,205.9,53.5,3.2,51,106,0.4,13.0,10.7,19.2,15,0.4,2.3,0.4,0,10
choerodon,choerodon-front-boot,27.0,26.0,0.5,153.6,0.7,1.0,5,0,0.5,39.6,37.6,2.2,2,0.0,1.2,0.8,0,0
kevrat,keystone-rus,0.0,0.0,,,,,0,0,1.0,0.0,N/A,1.0,0,0.0,N/A,0.0,0,0
nodecg,nodecg,1021.0,145.0,0.8,216.6,66.1,3.3,73,41,1.0,29.5,7.8,5.3,43,0.8,2.3,1.5,0,10
react-component,rn-packager,66.0,13.0,0.6,13.6,27.2,1.2,2,0,0.9,52.3,53.3,4.9,3,0.0,1.8,0.9,0,0
JowayYoung,bruce-cli,405.0,93.0,0.7,70.4,15.2,1.7,11,0,1.0,17.1,17.1,1.0,1,0.0,2.1,1.0,0,3
palantir,blueprint,20314.0,2133.0,0.1,65.0,20.7,17.9,219,434,0.1,4.7,1.5,41.7,24,0.9,0.3,0.2,3,10
resin-io,resin-cli,443.0,136.0,0.2,112.9,43.2,9.8,156,261,0.3,27.8,7.3,11.4,61,0.8,0.9,0.7,4,10
TryGhost,Ghost,45248.0,9880.0,0.1,31.9,6.0,20.8,427,360,0.0,1.3,2.4,166.7,32,0.9,0.2,0.0,1,10
INSIDEM2M,slim,3.0,1.0,1.0,39.2,8.9,10.9,3,90,1.0,21.2,5.8,13.8,2,0.3,1.1,1.7,0,0
fluidtrends,chunky,53.0,8.0,0.4,81.9,2.9,4.5,5,5,1.0,4.1,219.4,8.5,1,1.0,0.2,0.0,0,0
npm,npm,17504.0,3031.0,0.0,3.1,0.9,166.7,569,257,0.2,41.8,19.9,25.0,304,0.4,0.1,0.6,3,0
shubhsherl,Ghost,0.0,0.0,,,,,0,0,0.1,44.6,16.4,3.0,2,1.0,N/A,0.2,0,0
suntoe,wnode,0.0,0.0,,,,,0,0,N/A,N/A,N/A,N/A,0,N/A,N/A,N/A,0,0
smartprix,sm-webpack-config,1.0,2.0,0.7,16.9,24.9,1.8,2,5,1.0,63.3,33.5,1.0,2,0.9,0.4,0.6,0,0
bdefore,redux-universal-starter,461.0,48.0,1.0,754.9,3.0,7.9,42,8,1.0,313.1,1.9,3.4,15,0.6,3.9,3.9,1,0
codemotion,cogear.js,310.0,26.0,0.6,7.8,17.7,2.1,21,4,0.9,49.3,N/A,1.4,0,1.0,2.9,0.0,2,0
apache,couchdb-fauxton,362.0,224.0,0.7,132.7,58.1,3.1,97,37,0.4,22.9,11.6,6.2,52,0.7,2.4,0.6,9,3
idancali,react-native,0.0,0.0,,,,,0,0,N/A,N/A,N/A,N/A,0,N/A,N/A,N/A,9,0
superdesk,superdesk-client-core,33.0,87.0,0.7,81.3,15.2,1.1,7,2,0.1,11.5,12.2,15.6,17,0.9,2.0,0.1,8,10
maxijonson,tchin-react-components,1.0,0.0,,,,,0,0,0.3,0.0,0.0,1.0,1,0.0,N/A,0.3,0,0
davanmonet,DaVanMonet,7.0,2.0,0.5,2.0,,1.0,0,0,1.0,80.3,84.5,3.0,3,0.5,0.0,1.1,0,0
zero1five,lambda,0.0,1.0,,,,,0,0,0.3,154.7,177.2,2.2,1,0.1,N/A,0.3,0,0
ssbc,patchwork,3583.0,384.0,0.6,164.1,33.1,10.6,250,371,0.8,26.2,7.9,8.5,97,0.7,2.8,2.1,0,0
Travelab,scot4,0.0,0.0,1.0,104.8,0.9,1.7,1,5,1.0,23.1,8.5,9.3,1,0.2,2.2,0.9,0,0
facebook,metro,5010.0,593.0,0.4,155.6,54.3,7.0,1028,45,0.8,50.1,16.2,7.6,179,0.0,3.6,2.7,10,10
react-zeroconfig,react-zeroconfig,27.0,2.0,0.6,56.3,,1.7,0,0,1.0,12.7,0.1,2.5,6,1.0,0.0,0.6,0,0
websage-team,super-project,65.0,13.0,0.7,74.3,60.3,5.0,8,157,1.0,0.0,N/A,4.9,0,1.0,1.0,0.0,0,10
devCrossNet,universal-cli,98.0,17.0,,,,,0,0,0.9,194.5,0.9,5.0,11,0.5,N/A,3.5,0,0
skypager,skypager,19.0,4.0,0.3,81.7,0.2,2.0,2,3,0.4,71.0,0.1,1.8,3,0.8,2.7,0.7,0,0
xiefei89,rc-tools,0.0,0.0,,,,,0,0,N/A,N/A,N/A,N/A,0,N/A,N/A,N/A,0,0
nextstrain,auspice,287.0,163.0,0.4,84.9,26.1,7.9,122,381,0.5,33.5,28.0,10.2,59,0.8,1.4,1.1,3,10
andywer,ava-ts,115.0,10.0,0.7,21.5,0.6,1.5,13,8,0.9,9.3,21.0,1.8,6,0.9,5.4,0.8,2,0
GrabarzUndPartner,gp-boilerplate-environment,0.0,0.0,,,,,0,0,N/A,N/A,N/A,N/A,0,N/A,N/A,N/A,0,0
Netflix,conductor,12931.0,2329.0,0.2,42.5,12.9,13.5,319,393,0.3,18.6,22.5,21.7,69,0.6,0.9,0.3,0,0
Azure,azure-xplat-cli,649.0,376.0,0.2,53.2,7.5,17.2,327,342,0.3,5.6,2.7,17.9,61,0.9,1.1,0.4,4,0
openfin-js-app,react-openfin-scripts,0.0,0.0,,,,,0,0,N/A,N/A,N/A,N/A,0,N/A,N/A,N/A,0,0
vueComponent,tools,8.0,6.0,,,,,0,0,1.0,10.8,0.4,2.0,1,0.5,N/A,0.2,1,0
vatesfr,xo-server,1.0,2.0,,,,,0,0,N/A,N/A,N/A,N/A,0,N/A,N/A,N/A,0,0
yanxlg,rc-tools,0.0,0.0,,,,,0,0,N/A,N/A,N/A,N/A,0,N/A,N/A,N/A,0,0
zxf969175364,keystone,1.0,0.0,,,,,0,0,N/A,N/A,N/A,N/A,0,N/A,N/A,N/A,0,0
umijs,umi,14769.0,2623.0,0.1,1.7,1.0,45.5,205,183,0.1,10.1,0.5,35.7,72,0.9,0.2,0.4,4,10
cmux,super,65.0,13.0,0.7,74.3,60.3,5.0,8,157,1.0,0.0,N/A,4.9,0,1.0,1.0,0.0,0,10
ssbc,patchbay,385.0,78.0,0.9,180.4,55.6,3.3,68,74,0.9,35.3,17.3,4.6,33,0.7,4.1,2.8,1,0
mbret,chewie-system,1.0,0.0,0.0,,0.0,1.0,2,0,N/A,N/A,N/A,N/A,0,N/A,3.0,N/A,0,0
Frezc,rc-tools,0.0,0.0,,,,,0,0,N/A,N/A,N/A,N/A,0,N/A,N/A,N/A,0,0
krakenjs,grumbler,293.0,38.0,0.9,150.1,63.6,1.3,4,0,0.8,10.4,N/A,1.3,0,1.0,1.3,0.0,0,0
pavjacko,renative,1734.0,182.0,0.4,165.6,58.2,10.9,183,449,0.8,19.2,14.4,9.8,24,0.8,1.5,0.4,5,10
utryfe,vue-cli-builder,0.0,0.0,,,,,0,0,0.2,340.5,340.5,1.2,1,0.0,N/A,0.2,0,0
duanguang,brain-vue-cli,0.0,0.0,,,,,0,0,N/A,N/A,N/A,N/A,0,N/A,N/A,N/A,0,0
jasonvillalon,generator-arwen,0.0,0.0,,,,,0,0,1.0,0.0,N/A,1.5,0,1.0,N/A,0.0,0,0
DEEP-IMPACT-AG,cherry,2.0,0.0,,,,,0,0,0.7,2.0,4.6,1.8,5,0.9,N/A,0.8,0,0
Automattic,zeditor,52.0,5.0,0.0,,60.1,1.0,2,0,N/A,N/A,N/A,N/A,0,N/A,2.0,N/A,0,0
adlnet,xAPIWrapper,207.0,117.0,0.9,114.4,45.6,1.6,44,11,0.9,20.6,26.5,2.5,16,0.8,2.3,1.1,5,0
gitana,cloudcms-server,19.0,15.0,0.3,0.0,0.0,1.0,1,0,0.3,12.8,12.8,1.0,1,0.0,0.3,0.3,0,0
douhao4648,jujin-dv,8.0,2.0,,,,,0,0,1.0,0.0,N/A,1.0,0,1.0,N/A,0.0,0,0
twreporter,twreporter-react,317.0,100.0,0.9,201.3,99.1,2.1,28,11,0.2,1.4,1.2,29.4,5,1.0,2.6,0.0,6,10
paranoidjk,rc-tools,1.0,1.0,,,,,0,0,N/A,N/A,N/A,N/A,0,N/A,N/A,N/A,0,0
ember-cli,ember-cli,3271.0,1178.0,0.1,247.1,71.3,7.8,383,132,0.1,19.3,19.5,21.7,34,0.7,0.4,0.1,3,10
stephenplusplus,sindredash,49.0,0.0,0.0,,1.1,1.0,1,0,N/A,N/A,N/A,N/A,0,N/A,1.0,N/A,0,0
avajs,ava,20581.0,1407.0,0.3,98.6,20.5,8.3,364,419,0.3,17.6,7.2,8.3,131,0.8,1.2,0.7,2,10
crowi,crowi,1094.0,169.0,0.8,188.1,41.5,2.2,56,68,0.6,68.8,14.3,9.4,16,0.5,2.1,0.8,10,0
215566435,TrumpDoc,25.0,3.0,0.3,12.5,4.7,1.0,2,0,N/A,N/A,N/A,N/A,0,N/A,0.7,N/A,0,0
ciena-blueplanet,ciena-devops-testbed,1.0,6.0,0.0,2.5,1.5,5.1,1,45,0.7,0.2,46.1,6.5,4,0.9,3.8,1.4,0,0
NodeBB,NodeBB,13776.0,2694.0,0.1,5.4,2.0,29.4,70,478,0.1,1.5,0.0,45.5,16,0.9,0.1,0.1,0,10
cchamberlain,redux-webpack-boilerplate,8.0,8.0,0.0,,0.2,2.0,2,1,0.2,249.9,249.9,1.0,1,0.0,2.5,0.2,0,0
frdl,frdl.js,0.0,0.0,1.0,269.2,269.2,1.0,1,0,N/A,N/A,N/A,N/A,0,N/A,1.0,N/A,0,0
michaelrgalloway,angular-cli,0.0,0.0,,,,,0,0,N/A,N/A,N/A,N/A,0,N/A,N/A,N/A,0,0
DallasMorningNews,chartwerk-editor,10.0,2.0,0.8,36.5,31.9,2.9,4,29,1.0,6.1,13.0,1.6,3,0.9,0.8,1.4,1,0
eyedea-io,create-react-app,1.0,0.0,0.0,,,1.0,0,1,0.8,82.6,N/A,1.2,0,0.8,0.0,0.0,0,0
electrode-io,electrode-archetype-react-app,131.0,29.0,1.0,150.6,30.3,4.4,19,16,1.0,2.3,6.2,9.0,12,0.8,2.2,0.9,4,0
devCrossNet,vue-starter-packages,2.0,4.0,1.0,3.9,,4.0,0,1,1.0,0.1,0.0,1.0,1,1.0,0.0,0.5,0,0
sai9268619,for-make-tests-ava,0.0,0.0,,,,,0,0,N/A,N/A,N/A,N/A,0,N/A,N/A,N/A,0,0
aegis-design,aegis-tools,2.0,0.0,,,,,0,0,N/A,N/A,N/A,N/A,0,N/A,N/A,N/A,0,0
tableflip,guvnor,429.0,37.0,0.7,71.6,11.3,4.1,38,5,0.6,0.2,0.0,1.1,3,0.8,2.5,1.2,0,0
RunningCoderLee,sprint-scripts,0.0,0.0,,,,,0,0,0.4,169.7,169.7,1.4,1,0.0,N/A,0.4,0,0
xiaowuye,Treasury-architectureTools,0.0,0.0,,,,,0,0,N/A,N/A,N/A,N/A,0,N/A,N/A,N/A,,
PRINTR3D,formide-client,7.0,0.0,,,,,0,0,1.0,1.1,0.1,6.8,3,0.9,N/A,0.1,2,0
ezracelli,slate-tools,0.0,0.0,,,,,0,0,N/A,N/A,N/A,N/A,0,N/A,N/A,N/A,0,0
Donmclean,riko,13.0,4.0,0.9,31.6,20.6,6.1,1,0,0.5,75.5,70.0,2.5,3,0.7,0.2,0.5,1,0
zenjoy,nimbu-toolbelt,1.0,0.0,1.0,732.6,200.1,1.0,1,2,1.0,119.0,174.6,2.2,2,0.5,1.0,0.5,0,10
heyui,hey-cli,162.0,25.0,0.8,1.4,1.4,1.3,5,0,0.4,7.4,19.2,1.7,1,0.6,2.4,0.1,1,0
mahesh-kedari,angular2-starter-pack,0.0,2.0,,,,,0,0,1.0,0.5,0.0,10.3,1,1.0,N/A,0.0,0,0
rlidwka,yapm,76.0,12.0,0.2,84.8,88.5,2.7,8,0,1.0,17.0,11.1,1.0,2,0.0,1.2,3.0,0,0
newsomellc,compages,0.0,0.0,,,,,0,0,N/A,N/A,N/A,N/A,0,N/A,N/A,N/A,0,0
nanyuantingfeng,hollow-cli,18.0,1.0,1.0,102.8,,1.0,0,0,1.0,20.8,40.7,1.0,1,0.5,0.0,0.5,0,0
qixuan,akpack,1.0,0.0,,,,,0,0,N/A,N/A,N/A,N/A,0,N/A,N/A,N/A,0,0
joewalnes,crunchicorn,32.0,3.0,0.0,,0.1,10.0,2,0,1.0,3.3,0.0,2.0,2,1.0,0.2,2.0,0,0
makamekm,reiso,0.0,0.0,,,,,0,0,1.0,0.0,N/A,1.0,0,1.0,N/A,0.0,0,0
madebywild,wildplate,1.0,1.0,0.5,17.4,7.6,2.0,2,4,N/A,N/A,N/A,N/A,0,N/A,1.0,N/A,0,0
jaswantmandloi,js,0.0,0.0,,,,,0,0,N/A,N/A,N/A,N/A,0,N/A,N/A,N/A,0,0
core-ds,arui-scripts,16.0,4.0,0.9,24.1,13.7,4.5,15,9,1.0,2.1,0.3,12.2,10,0.9,2.3,0.9,0,0
mereyn,react-scripts-custom-template,1.0,0.0,,,,,0,0,N/A,N/A,N/A,N/A,0,N/A,N/A,N/A,0,0
leomYili,create-react-app-scripts-custom,1.0,0.0,,,,,0,0,N/A,N/A,N/A,N/A,0,N/A,N/A,N/A,0,0
holodex,app,24.0,1.0,0.9,161.6,10.3,7.8,9,42,1.0,25.0,1.5,4.2,4,0.9,5.8,1.8,4,0
quasarframework,quasar-cli,204.0,52.0,0.9,29.4,17.3,5.3,147,5,0.9,26.3,12.3,2.4,20,0.6,3.6,1.7,2,0
